adcode,name,center,centroid,childrenNu,level,parent,subFeature,acroutes,geometry
130100,石家庄市,NA,NA,22,city,NA,0,NA,"list(list(c(113.839548, 113.864664, 113.883245, 113.932324, 113.929697, 113.964617, 113.991655, 114.028624, 114.052139, 114.086097, 114.125053, 114.129153, 114.182205, 114.212831, 114.311502, 114.341167, 114.366411, 114.413504, 114.437787, 114.452652, 114.498463, 114.522106, 114.53633, 114.536907, 114.552284, 114.527616, 114.56324, 114.58432, 114.595724, 114.635257, 114.651851, 114.6737, 114.702084, 114.731237, 114.765259, 114.81075, 114.830868, 114.819143, 114.837852, 114.840992, 114.858163, 114.853998, 
114.882254, 114.910381, 114.923388, 114.932871, 114.942994, 114.922875, 114.906986, 114.902565, 114.883343, 114.886162, 114.915059, 114.927681, 114.970096, 114.990087, 114.989062, 115.031862, 115.056465, 115.066204, 115.056722, 115.073765, 115.085874, 115.108107, 115.152317, 115.168591, 115.19422, 115.210174, 115.225871, 115.252205, 115.265788, 115.263994, 115.273605, 115.302758, 115.324734, 115.323645, 115.35094, 115.342418, 115.346903, 115.364843, 115.383232, 115.420522, 115.439871, 115.468063, 
115.482992, 115.466782, 115.45134, 115.438205, 115.464219, 115.444997, 115.456017, 115.457555, 115.448585, 115.412769, 115.408668, 115.385795, 115.365484, 115.360294, 115.389831, 115.388614, 115.363049, 115.360166, 115.349722, 115.352349, 115.371635, 115.344468, 115.360294, 115.386179, 115.394316, 115.380989, 115.333768, 115.317046, 115.325567, 115.316853, 115.301412, 115.297376, 115.258356, 115.255088, 115.253807, 115.261431, 115.243235, 115.227281, 115.172564, 115.152765, 115.160262, 115.150523, 
115.131173, 115.122972, 115.097471, 115.097215, 115.072291, 115.085298, 115.068703, 115.070049, 115.041024, 115.012512, 115.001748, 114.987524, 114.960165, 114.931846, 114.904038, 114.895965, 114.881357, 114.871041, 114.847783, 114.841504, 114.808571, 114.797423, 114.764618, 114.725983, 114.707338, 114.698816, 114.680171, 114.64679, 114.585217, 114.519927, 114.483471, 114.433495, 114.412095, 114.37269, 114.370192, 114.358274, 114.334632, 114.310861, 114.303621, 114.27293, 114.255439, 114.215009, 
114.184575, 114.166123, 114.156191, 114.133766, 114.126526, 114.113263, 114.096477, 114.06899, 114.022666, 114.028304, 114.036762, 114.059635, 114.118325, 114.115378, 114.131139, 114.139725, 114.128256, 114.088275, 114.068029, 113.993769, 114.000817, 114.041182, 114.043873, 114.018821, 114.006648, 113.982557, 113.970191, 113.971536, 113.956864, 113.929185, 113.922842, 113.90125, 113.872353, 113.878376, 113.876261, 113.856015, 113.854733, 113.824235, 113.810075, 113.822505, 113.83359, 113.828848, 
113.796876, 113.756575, 113.731139, 113.720631, 113.738507, 113.715057, 113.711725, 113.679112, 113.657072, 113.636761, 113.598894, 113.570318, 113.566282, 113.544818, 113.546035, 113.557248, 113.53431, 113.525468, 113.538026, 113.573202, 113.583517, 113.546548, 113.557248, 113.562053, 113.602803, 113.604212, 113.612862, 113.632596, 113.667067, 113.702114, 113.713839, 113.709995, 113.729024, 113.745363, 113.775669, 113.78041, 113.802899, 113.839548, 38.758413, 38.746006, 38.74667, 38.71362, 38.702467, 
38.699811, 38.676769, 38.688524, 38.686399, 38.65837, 38.659632, 38.669596, 38.67657, 38.688192, 38.706517, 38.690184, 38.6862, 38.703928, 38.692773, 38.699413, 38.678297, 38.65372, 38.649268, 38.632324, 38.612983, 38.590644, 38.590644, 38.596429, 38.568897, 38.514801, 38.504682, 38.473452, 38.489102, 38.48191, 38.496626, 38.492365, 38.46033, 38.449871, 38.435745, 38.460797, 38.448605, 38.435879, 38.424149, 38.393751, 38.388217, 38.344194, 38.343193, 38.315631, 38.309624, 38.294936, 38.284854, 38.265286, 
38.263348, 38.283385, 38.281114, 38.272165, 38.258138, 38.267089, 38.258472, 38.264684, 38.288326, 38.293134, 38.276773, 38.264551, 38.256802, 38.259608, 38.236759, 38.236491, 38.269894, 38.29093, 38.287658, 38.260543, 38.2403, 38.235289, 38.248184, 38.220586, 38.210493, 38.196254, 38.13967, 38.13793, 38.0886, 38.089671, 38.082038, 38.095161, 38.08398, 38.063554, 38.017323, 38.001102, 37.99299, 37.989168, 37.974551, 37.95074, 37.936584, 37.943293, 37.918936, 37.917191, 37.906318, 37.880068, 37.874629, 
37.853003, 37.849845, 37.820215, 37.805765, 37.784052, 37.770335, 37.74814, 37.731994, 37.727082, 37.712143, 37.707432, 37.71322, 37.695383, 37.682458, 37.660102, 37.660169, 37.629587, 37.639625, 37.645621, 37.671415, 37.68818, 37.722641, 37.732599, 37.749351, 37.759507, 37.780287, 37.808521, 37.799783, 37.811479, 37.807849, 37.797498, 37.794136, 37.779211, 37.773428, 37.745651, 37.733541, 37.75157, 37.734685, 37.742691, 37.720084, 37.728899, 37.729302, 37.712547, 37.716113, 37.702114, 37.69673, 
37.676129, 37.659832, 37.628239, 37.624399, 37.630665, 37.615774, 37.589353, 37.565283, 37.556247, 37.55301, 37.574656, 37.576814, 37.552537, 37.549907, 37.52967, 37.513612, 37.519212, 37.502949, 37.499979, 37.507808, 37.494445, 37.504096, 37.51125, 37.530817, 37.528186, 37.505244, 37.498899, 37.481957, 37.493837, 37.490935, 37.447384, 37.435496, 37.474598, 37.494175, 37.515906, 37.590634, 37.619884, 37.648315, 37.675927, 37.69821, 37.708845, 37.721564, 37.706893, 37.735358, 37.756817, 37.777463, 
37.794876, 37.813495, 37.812823, 37.833923, 37.868786, 37.911419, 37.932022, 37.952082, 37.98481, 37.990375, 38.032402, 38.055047, 38.065898, 38.077082, 38.106676, 38.112566, 38.150442, 38.147431, 38.168971, 38.162884, 38.171713, 38.168369, 38.174656, 38.189501, 38.193713, 38.213702, 38.205413, 38.225599, 38.232682, 38.227136, 38.237427, 38.252393, 38.270495, 38.293067, 38.34346, 38.365208, 38.383016, 38.418017, 38.449205, 38.465992, 38.493031, 38.504016, 38.558321, 38.586854, 38.616107, 38.646013, 
38.653122, 38.646943, 38.65166, 38.663684, 38.698284, 38.71196, 38.701538, 38.709836, 38.728355, 38.763321, 38.758413)))"
130200,唐山市,NA,NA,14,city,NA,1,NA,"list(list(c(119.319039, 119.317052, 119.272779, 119.239269, 119.185577, 119.121505, 119.096068, 119.038276, 119.023988, 118.977984, 118.926278, 118.890013, 118.896549, 118.951074, 118.920447, 118.897253, 118.876366, 118.857913, 118.814409, 118.760716, 118.719646, 118.692992, 118.637314, 118.59272, 118.578752, 118.588619, 118.560107, 118.551394, 118.532877, 118.570487, 118.604445, 118.539732, 118.525252, 118.491038, 118.406463, 118.378015, 118.371031, 118.373594, 118.309907, 118.290813, 118.267107, 
118.225011, 118.182596, 118.16299, 118.125316, 118.07771, 118.07047, 118.050864, 118.026196, 118.037089, 118.064768, 118.064768, 118.036512, 118.024787, 118.016842, 117.97763, 117.972248, 117.891774, 117.888314, 117.84955, 117.842054, 117.862877, 117.837056, 117.803354, 117.805277, 117.852369, 117.859353, 117.871847, 117.87031, 117.878062, 117.898181, 117.898565, 117.912277, 117.905293, 117.933997, 117.892607, 117.868259, 117.851408, 117.826548, 117.801945, 117.76773, 117.747868, 117.753122, 117.737745, 
117.744857, 117.71596, 117.710194, 117.689563, 117.688794, 117.708913, 117.68495, 117.660795, 117.636191, 117.621967, 117.619084, 117.641189, 117.641957, 117.662012, 117.668355, 117.657014, 117.643944, 117.644777, 117.602425, 117.577629, 117.596082, 117.59589, 117.559305, 117.546106, 117.561419, 117.537264, 117.548092, 117.521374, 117.518811, 117.507406, 117.525539, 117.514967, 117.532907, 117.547323, 117.537777, 117.589226, 117.634589, 117.674698, 117.70667, 117.72775, 117.756326, 117.782019, 117.797075, 
117.782467, 117.744152, 117.747932, 117.758312, 117.776188, 117.758184, 117.751648, 117.721983, 117.708272, 117.67489, 117.668099, 117.644841, 117.65317, 117.650159, 117.635999, 117.630232, 117.601208, 117.576412, 117.575451, 117.609409, 117.619532, 117.64625, 117.677069, 117.694112, 117.714551, 117.75152, 117.807775, 117.844104, 117.867554, 117.897989, 117.909457, 118.000888, 118.031643, 118.061564, 118.079312, 118.121856, 118.133837, 118.165232, 118.153123, 118.156967, 118.173818, 118.239684, 118.262942, 
118.277935, 118.306575, 118.356295, 118.360011, 118.387305, 118.402683, 118.430746, 118.45599, 118.503211, 118.523458, 118.548062, 118.571512, 118.550881, 118.558377, 118.539989, 118.532364, 118.533325, 118.568949, 118.571384, 118.628472, 118.665634, 118.708562, 118.746108, 118.743609, 118.775581, 118.794482, 118.849135, 118.867652, 118.888924, 118.906736, 118.92474, 118.918269, 118.900521, 118.866307, 118.865602, 118.88508, 118.884247, 118.875149, 118.859643, 118.853556, 118.835232, 118.838179, 
118.816843, 118.825429, 118.797942, 118.800185, 118.774428, 118.787242, 118.804157, 118.822225, 118.824596, 118.850097, 118.844586, 118.861309, 118.882261, 118.895139, 118.938452, 118.945243, 118.983302, 118.966067, 118.961453, 119.008098, 119.015658, 119.004894, 119.048399, 119.064545, 119.185769, 119.212295, 119.257401, 119.280403, 119.319039, 39.429554, 39.410759, 39.363616, 39.352368, 39.342039, 39.281549, 39.241963, 39.21178, 39.186925, 39.163381, 39.123464, 39.118844, 39.139698, 39.178485, 
39.171758, 39.151508, 39.14999, 39.162854, 39.138642, 39.133495, 39.136992, 39.148077, 39.157379, 39.142601, 39.130921, 39.107623, 39.09904, 39.088278, 39.091051, 38.999212, 38.971505, 38.909835, 38.90487, 38.909041, 38.960525, 38.97177, 38.984137, 39.012037, 39.011773, 39.022216, 39.021555, 39.034839, 39.094155, 39.136596, 39.182771, 39.202024, 39.214021, 39.200112, 39.20176, 39.230497, 39.231222, 39.256061, 39.265151, 39.292414, 39.284117, 39.300643, 39.314401, 39.32322, 39.332038, 39.327366, 39.336512, 
39.362169, 39.350789, 39.362037, 39.373284, 39.38078, 39.403265, 39.411547, 39.45498, 39.467196, 39.472516, 39.509675, 39.516172, 39.53015, 39.574164, 39.591539, 39.596849, 39.589244, 39.590818, 39.601765, 39.599012, 39.589375, 39.576, 39.574033, 39.548585, 39.530084, 39.550422, 39.559539, 39.569246, 39.572918, 39.588916, 39.57541, 39.603731, 39.59167, 39.603207, 39.612645, 39.628438, 39.636365, 39.667085, 39.668657, 39.688692, 39.701849, 39.705384, 39.726913, 39.735222, 39.746147, 39.756088, 39.776164, 
39.800024, 39.835178, 39.839882, 39.870641, 39.891271, 39.909023, 39.92964, 39.946665, 39.952469, 39.976855, 39.997452, 39.996866, 39.968901, 39.974834, 39.986046, 39.972422, 39.96512, 39.968315, 40.010225, 40.023516, 40.018434, 40.047421, 40.04436, 40.059272, 40.065978, 40.081993, 40.07991, 40.093643, 40.082123, 40.100931, 40.096181, 40.110757, 40.128191, 40.132094, 40.147833, 40.171239, 40.178584, 40.192817, 40.194897, 40.206398, 40.205163, 40.22095, 40.238161, 40.241668, 40.229718, 40.261926, 
40.261406, 40.26965, 40.270429, 40.285876, 40.29256, 40.302358, 40.319095, 40.353528, 40.354695, 40.375113, 40.400449, 40.409519, 40.423768, 40.423056, 40.464686, 40.452063, 40.425711, 40.419558, 40.435295, 40.428819, 40.436719, 40.416838, 40.411851, 40.414053, 40.403365, 40.40628, 40.422667, 40.414636, 40.385482, 40.36928, 40.361048, 40.319419, 40.298854, 40.287564, 40.269845, 40.249915, 40.242577, 40.216078, 40.208087, 40.191777, 40.194182, 40.204838, 40.178974, 40.180599, 40.168768, 40.169679, 
40.149653, 40.092211, 40.086549, 40.061942, 40.023777, 40.005403, 39.961794, 39.941121, 39.93362, 39.88409, 39.859018, 39.847981, 39.825836, 39.799436, 39.790415, 39.775706, 39.764198, 39.71592, 39.679985, 39.668984, 39.648681, 39.622737, 39.615004, 39.574754, 39.566557, 39.547011, 39.557572, 39.544781, 39.538942, 39.529494, 39.51591, 39.509347, 39.482103, 39.467459, 39.459052, 39.473763, 39.458986, 39.463453, 39.429752, 39.422852, 39.429554)), list(c(117.784581, 117.744601, 117.706221, 117.670982, 
117.669316, 117.650799, 117.637536, 117.595249, 117.536239, 117.520862, 117.535342, 117.557895, 117.571158, 117.590636, 117.6014, 117.61415, 117.643495, 117.669124, 117.673224, 117.702313, 117.69975, 117.737296, 117.782147, 117.784581, 39.377032, 39.354604, 39.351513, 39.357828, 39.324141, 39.315191, 39.335986, 39.349144, 39.338026, 39.357236, 39.374007, 39.38558, 39.404646, 39.405435, 39.4195, 39.407078, 39.405829, 39.412008, 39.386698, 39.388934, 39.407604, 39.410562, 39.394785, 39.377032)), list(
    c(118.630522, 118.620847, 118.638852, 118.653652, 118.640005, 118.630522, 39.054726, 39.068268, 39.076061, 39.056973, 39.042306, 39.054726)), list(c(118.869446, 118.871753, 118.857465, 118.820495, 118.820239, 118.842664, 118.869446, 39.142733, 39.115082, 39.098842, 39.093693, 39.108745, 39.117788, 39.142733)), list(c(118.83914, 118.841511, 118.825749, 118.815177, 118.83914, 39.153817, 39.135475, 39.122672, 39.132373, 39.153817)))"
130300,秦皇岛市,NA,NA,7,city,NA,2,NA,"list(list(c(119.319039, 119.280403, 119.257401, 119.212295, 119.185769, 119.064545, 119.048399, 119.004894, 119.015658, 119.008098, 118.961453, 118.966067, 118.983302, 118.945243, 118.938452, 118.895139, 118.882261, 118.861309, 118.844586, 118.850097, 118.824596, 118.822225, 118.804157, 118.787242, 118.774428, 118.800185, 118.797942, 118.825429, 118.816843, 118.838179, 118.835232, 118.853556, 118.859643, 118.875149, 118.884247, 118.88508, 118.865602, 118.866307, 118.900521, 118.918269, 118.92474, 
118.906736, 118.888924, 118.867652, 118.849135, 118.794482, 118.775581, 118.743609, 118.746108, 118.708562, 118.665634, 118.628472, 118.571384, 118.568949, 118.580098, 118.596949, 118.608225, 118.640197, 118.643785, 118.618349, 118.624179, 118.657176, 118.702795, 118.723491, 118.772954, 118.792112, 118.794867, 118.821328, 118.864, 118.886938, 118.919038, 118.966003, 118.952676, 118.983366, 118.998359, 119.013095, 119.063392, 119.086394, 119.105487, 119.158474, 119.162575, 119.178209, 119.230812, 
119.232862, 119.220624, 119.25612, 119.302188, 119.338068, 119.361839, 119.441864, 119.477809, 119.491007, 119.503886, 119.520288, 119.534256, 119.571033, 119.568855, 119.555464, 119.553542, 119.604927, 119.593458, 119.600442, 119.586667, 119.599801, 119.598136, 119.621458, 119.642153, 119.651892, 119.633503, 119.625174, 119.671562, 119.676239, 119.716797, 119.745949, 119.755496, 119.76248, 119.736723, 119.771578, 119.76043, 119.770873, 119.795285, 119.817069, 119.835009, 119.854231, 119.841032, 
119.872363, 119.862432, 119.835522, 119.836739, 119.816877, 119.787212, 119.726279, 119.683543, 119.674317, 119.666436, 119.637027, 119.612936, 119.587948, 119.559564, 119.541048, 119.520352, 119.537652, 119.53778, 119.506641, 119.464738, 119.396886, 119.395925, 119.3735, 119.358122, 119.334928, 119.31276, 119.270024, 119.304238, 119.319039, 39.429554, 39.422852, 39.429752, 39.463453, 39.458986, 39.473763, 39.459052, 39.467459, 39.482103, 39.509347, 39.51591, 39.529494, 39.538942, 39.544781, 39.557572, 
39.547011, 39.566557, 39.574754, 39.615004, 39.622737, 39.648681, 39.668984, 39.679985, 39.71592, 39.764198, 39.775706, 39.790415, 39.799436, 39.825836, 39.847981, 39.859018, 39.88409, 39.93362, 39.941121, 39.961794, 40.005403, 40.023777, 40.061942, 40.086549, 40.092211, 40.149653, 40.169679, 40.168768, 40.180599, 40.178974, 40.204838, 40.194182, 40.191777, 40.208087, 40.216078, 40.242577, 40.249915, 40.269845, 40.287564, 40.305861, 40.308456, 40.328305, 40.354566, 40.380946, 40.425193, 40.437626, 
40.450574, 40.491411, 40.473746, 40.479765, 40.492382, 40.510753, 40.531964, 40.527244, 40.542438, 40.53093, 40.536102, 40.558469, 40.56364, 40.578955, 40.577081, 40.606151, 40.588775, 40.603632, 40.614418, 40.600015, 40.609316, 40.603891, 40.589421, 40.569133, 40.543279, 40.530283, 40.531253, 40.537331, 40.539852, 40.533322, 40.536167, 40.553945, 40.547416, 40.554203, 40.540887, 40.520778, 40.516833, 40.501762, 40.454976, 40.435683, 40.406863, 40.375437, 40.356575, 40.334206, 40.30359, 40.291327, 
40.272377, 40.249395, 40.224132, 40.23959, 40.224522, 40.196066, 40.207957, 40.153165, 40.144776, 40.104836, 40.082253, 40.065653, 40.048788, 40.040387, 40.052826, 40.050286, 40.03231, 40.011789, 39.960621, 39.951556, 39.964468, 39.985786, 39.978224, 39.950382, 39.941056, 39.921942, 39.933424, 39.92018, 39.923182, 39.898907, 39.909936, 39.901518, 39.888138, 39.838183, 39.831259, 39.810154, 39.816493, 39.809239, 39.761124, 39.74425, 39.739671, 39.721744, 39.656148, 39.605894, 39.498582, 39.459972, 
39.429554)))"
130400,邯郸市,NA,NA,18,city,NA,3,NA,"list(list(c(115.478314, 115.450507, 115.446663, 115.420586, 115.406426, 115.386756, 115.388229, 115.366061, 115.355104, 115.334281, 115.33127, 115.307435, 115.288341, 115.296479, 115.272836, 115.291417, 115.300259, 115.317046, 115.312048, 115.29744, 115.339983, 115.349594, 115.368688, 115.359782, 115.366637, 115.394637, 115.422956, 115.417062, 115.436347, 115.462681, 115.465372, 115.47652, 115.475944, 115.483568, 115.469985, 115.463898, 115.451276, 115.449674, 115.431286, 115.415716, 115.404632, 
115.39265, 115.377914, 115.369264, 115.341393, 115.313073, 115.297247, 115.302181, 115.279307, 115.260406, 115.242146, 115.20178, 115.189222, 115.170705, 115.142834, 115.110414, 115.104583, 115.06268, 115.048456, 115.045893, 114.998416, 114.954591, 114.920184, 114.914674, 114.926463, 114.90705, 114.912432, 114.879435, 114.858675, 114.857458, 114.825166, 114.77865, 114.771345, 114.73444, 114.720665, 114.692409, 114.691128, 114.655183, 114.630387, 114.610845, 114.58259, 114.586883, 114.55805, 114.53287, 
114.480267, 114.466171, 114.417541, 114.408442, 114.39236, 114.356096, 114.345139, 114.328353, 114.290102, 114.256464, 114.235577, 114.223723, 114.211037, 114.203028, 114.168878, 114.17663, 114.130627, 114.12108, 114.092632, 114.085328, 114.060532, 114.04272, 114.061557, 114.055727, 114.026254, 114.032276, 114.023691, 114.010684, 113.985824, 113.979802, 113.994474, 113.993833, 113.983005, 113.964232, 113.952763, 113.957248, 113.934439, 113.93162, 113.911181, 113.901121, 113.881515, 113.85358, 113.855951, 
113.818212, 113.797581, 113.764392, 113.755166, 113.73242, 113.729601, 113.708329, 113.670206, 113.6292, 113.587233, 113.582108, 113.554428, 113.559939, 113.547317, 113.588707, 113.58813, 113.569678, 113.539756, 113.545266, 113.535463, 113.486833, 113.47703, 113.502018, 113.507015, 113.477542, 113.465369, 113.47767, 113.499391, 113.536232, 113.549303, 113.569165, 113.599984, 113.65579, 113.68097, 113.673923, 113.68411, 113.676293, 113.696924, 113.710508, 113.731587, 113.731908, 113.742095, 113.772337, 
113.786945, 113.79284, 113.761701, 113.777463, 113.794954, 113.828784, 113.859475, 113.883886, 113.901185, 113.941743, 113.984415, 113.991078, 114.028176, 114.063672, 114.090005, 114.081548, 114.100449, 114.182653, 114.225902, 114.252684, 114.299969, 114.304518, 114.336105, 114.353533, 114.421193, 114.462327, 114.478921, 114.507754, 114.555231, 114.551707, 114.56702, 114.64884, 114.671073, 114.707145, 114.718166, 114.734568, 114.74341, 114.772691, 114.787492, 114.838172, 114.836314, 114.862712, 114.892441, 
114.949593, 114.985602, 115.02161, 115.0589, 115.096702, 115.111631, 115.125022, 115.106505, 115.125086, 115.143219, 115.16622, 115.170449, 115.158916, 115.176856, 115.200563, 115.283344, 115.325567, 115.307499, 115.323004, 115.335691, 115.349786, 115.362921, 115.390664, 115.423661, 115.463386, 115.478314, 36.754699, 36.713656, 36.694626, 36.686781, 36.663242, 36.656827, 36.647203, 36.621945, 36.627407, 36.58247, 36.550219, 36.527458, 36.528484, 36.508862, 36.497373, 36.460572, 36.465908, 36.454003, 
36.433541, 36.413484, 36.398078, 36.363079, 36.342593, 36.318743, 36.30894, 36.322581, 36.32217, 36.29276, 36.27637, 36.276096, 36.250373, 36.246531, 36.193066, 36.148976, 36.152892, 36.171299, 36.16972, 36.150144, 36.149183, 36.137572, 36.15564, 36.12919, 36.128503, 36.102731, 36.087608, 36.088227, 36.109123, 36.127678, 36.137847, 36.171574, 36.191212, 36.212768, 36.195538, 36.191006, 36.209679, 36.199382, 36.172192, 36.178235, 36.162027, 36.112216, 36.069732, 36.067806, 36.048205, 36.051988, 36.089464, 
36.117233, 36.140458, 36.147809, 36.144305, 36.127747, 36.123693, 36.133175, 36.124517, 36.155777, 36.140046, 36.146229, 36.138397, 36.140252, 36.124243, 36.128297, 36.121356, 36.140939, 36.150763, 36.171505, 36.177823, 36.197735, 36.205904, 36.224573, 36.221141, 36.230337, 36.255792, 36.248177, 36.247148, 36.264024, 36.252774, 36.270883, 36.273009, 36.24557, 36.243443, 36.263132, 36.279662, 36.272735, 36.27781, 36.270129, 36.276507, 36.297011, 36.317989, 36.329983, 36.325117, 36.347527, 36.354995, 
36.342456, 36.357599, 36.344101, 36.344169, 36.314561, 36.317166, 36.352597, 36.358147, 36.33622, 36.336151, 36.319497, 36.314767, 36.336974, 36.353899, 36.35013, 36.329367, 36.331149, 36.347184, 36.355612, 36.365956, 36.357599, 36.381642, 36.423342, 36.425122, 36.454687, 36.460982, 36.482942, 36.494706, 36.52862, 36.534362, 36.548101, 36.562725, 36.585885, 36.594082, 36.616892, 36.62925, 36.635189, 36.655189, 36.681528, 36.704858, 36.697287, 36.70779, 36.726407, 36.740589, 36.732339, 36.752313, 
36.758107, 36.752927, 36.785706, 36.790134, 36.807505, 36.824804, 36.855646, 36.882257, 36.88736, 36.87865, 36.859118, 36.851085, 36.871165, 36.870076, 36.894709, 36.956052, 36.96856, 36.994995, 37.012048, 37.015037, 37.010893, 36.99683, 36.983376, 36.941503, 36.914913, 36.881236, 36.879331, 36.861023, 36.845094, 36.839035, 36.843937, 36.843052, 36.856531, 36.845435, 36.857007, 36.846728, 36.852038, 36.839444, 36.847681, 36.833248, 36.827936, 36.845979, 36.884094, 36.891307, 36.89845, 36.917429, 
36.918041, 36.938103, 36.942931, 36.932323, 36.928447, 36.91396, 36.950885, 36.958024, 36.969715, 36.969647, 36.948778, 36.950477, 36.961422, 36.957004, 36.964549, 36.958431, 36.936471, 36.923958, 36.90607, 36.899131, 36.901512, 36.881509, 36.852038, 36.854353, 36.868374, 36.862589, 36.869667, 36.837129, 36.815474, 36.775826, 36.786796, 36.771056, 36.76315, 36.766081, 36.752177, 36.754699)))"
130500,邢台市,NA,NA,18,city,NA,4,NA,"list(list(c(115.255088, 115.227858, 115.202934, 115.191593, 115.172756, 115.200563, 115.188325, 115.201908, 115.237276, 115.282575, 115.307179, 115.360871, 115.359461, 115.377914, 115.405785, 115.410078, 115.430965, 115.455313, 115.421675, 115.426096, 115.402069, 115.397968, 115.417638, 115.410719, 115.431478, 115.404183, 115.360038, 115.345109, 115.391049, 115.428595, 115.468768, 115.506634, 115.520089, 115.52938, 115.577177, 115.599218, 115.590632, 115.599859, 115.623437, 115.63292, 115.67258, 
115.675784, 115.698465, 115.756322, 115.76997, 115.786564, 115.827378, 115.853904, 115.812385, 115.80963, 115.776441, 115.784322, 115.796816, 115.772789, 115.757796, 115.740561, 115.71128, 115.688598, 115.684177, 115.66502, 115.637405, 115.572116, 115.538734, 115.523613, 115.502918, 115.478314, 115.463386, 115.423661, 115.390664, 115.362921, 115.349786, 115.335691, 115.323004, 115.307499, 115.325567, 115.283344, 115.200563, 115.176856, 115.158916, 115.170449, 115.16622, 115.143219, 115.125086, 115.106505, 
115.125022, 115.111631, 115.096702, 115.0589, 115.02161, 114.985602, 114.949593, 114.892441, 114.862712, 114.836314, 114.838172, 114.787492, 114.772691, 114.74341, 114.734568, 114.718166, 114.707145, 114.671073, 114.64884, 114.56702, 114.551707, 114.555231, 114.507754, 114.478921, 114.462327, 114.421193, 114.353533, 114.336105, 114.304518, 114.299969, 114.252684, 114.225902, 114.182653, 114.100449, 114.081548, 114.090005, 114.063672, 114.028176, 113.991078, 113.984415, 113.941743, 113.901185, 113.883886, 
113.859475, 113.828784, 113.794954, 113.771888, 113.790149, 113.788227, 113.768749, 113.758177, 113.77349, 113.767339, 113.77317, 113.831924, 113.836601, 113.853067, 113.886449, 113.886897, 113.899007, 113.902147, 113.921176, 113.959811, 113.973907, 114.022666, 114.06899, 114.096477, 114.113263, 114.126526, 114.133766, 114.156191, 114.166123, 114.184575, 114.215009, 114.255439, 114.27293, 114.303621, 114.310861, 114.334632, 114.358274, 114.370192, 114.37269, 114.412095, 114.433495, 114.483471, 114.519927, 
114.585217, 114.64679, 114.680171, 114.698816, 114.707338, 114.725983, 114.764618, 114.797423, 114.808571, 114.841504, 114.847783, 114.871041, 114.881357, 114.895965, 114.904038, 114.931846, 114.960165, 114.987524, 115.001748, 115.012512, 115.041024, 115.070049, 115.068703, 115.085298, 115.072291, 115.097215, 115.097471, 115.122972, 115.131173, 115.150523, 115.160262, 115.152765, 115.172564, 115.227281, 115.243235, 115.261431, 115.253807, 115.255088, 37.645621, 37.648921, 37.637133, 37.608833, 37.600543, 
37.572498, 37.563125, 37.555977, 37.575465, 37.576005, 37.563935, 37.523935, 37.558675, 37.541138, 37.535944, 37.523261, 37.506796, 37.501802, 37.495727, 37.506256, 37.51017, 37.497347, 37.487762, 37.476421, 37.469602, 37.462039, 37.461431, 37.448195, 37.42793, 37.387926, 37.382788, 37.368997, 37.353648, 37.326864, 37.316107, 37.332884, 37.312453, 37.301965, 37.297905, 37.277058, 37.275839, 37.258914, 37.257153, 37.209876, 37.14155, 37.123916, 37.106006, 37.059245, 37.028961, 37.011436, 36.992073, 
36.970735, 36.968763, 36.936811, 36.903008, 36.90641, 36.882393, 36.83958, 36.812954, 36.812477, 36.797492, 36.775349, 36.784139, 36.763832, 36.77017, 36.754699, 36.752177, 36.766081, 36.76315, 36.771056, 36.786796, 36.775826, 36.815474, 36.837129, 36.869667, 36.862589, 36.868374, 36.854353, 36.852038, 36.881509, 36.901512, 36.899131, 36.90607, 36.923958, 36.936471, 36.958431, 36.964549, 36.957004, 36.961422, 36.950477, 36.948778, 36.969647, 36.969715, 36.958024, 36.950885, 36.91396, 36.928447, 36.932323, 
36.942931, 36.938103, 36.918041, 36.917429, 36.89845, 36.891307, 36.884094, 36.845979, 36.827936, 36.833248, 36.847681, 36.839444, 36.852038, 36.846728, 36.857007, 36.845435, 36.856531, 36.843052, 36.843937, 36.839035, 36.845094, 36.861023, 36.879331, 36.881236, 36.914913, 36.941503, 36.983376, 36.99683, 37.010893, 37.015037, 37.012048, 36.994995, 37.016803, 37.04295, 37.059788, 37.062504, 37.075672, 37.106956, 37.144601, 37.151857, 37.167518, 37.18948, 37.215093, 37.23914, 37.25993, 37.279495, 37.30995, 
37.33072, 37.348982, 37.403133, 37.435496, 37.447384, 37.490935, 37.493837, 37.481957, 37.498899, 37.505244, 37.528186, 37.530817, 37.51125, 37.504096, 37.494445, 37.507808, 37.499979, 37.502949, 37.519212, 37.513612, 37.52967, 37.549907, 37.552537, 37.576814, 37.574656, 37.55301, 37.556247, 37.565283, 37.589353, 37.615774, 37.630665, 37.624399, 37.628239, 37.659832, 37.676129, 37.69673, 37.702114, 37.716113, 37.712547, 37.729302, 37.728899, 37.720084, 37.742691, 37.734685, 37.75157, 37.733541, 37.745651, 
37.773428, 37.779211, 37.794136, 37.797498, 37.807849, 37.811479, 37.799783, 37.808521, 37.780287, 37.759507, 37.749351, 37.732599, 37.722641, 37.68818, 37.671415, 37.645621)))"
130600,保定市,NA,NA,24,city,NA,5,NA,"list(list(c(115.324734, 115.302758, 115.273605, 115.263994, 115.265788, 115.252205, 115.225871, 115.210174, 115.19422, 115.168591, 115.152317, 115.108107, 115.085874, 115.073765, 115.056722, 115.066204, 115.056465, 115.031862, 114.989062, 114.990087, 114.970096, 114.927681, 114.915059, 114.886162, 114.883343, 114.902565, 114.906986, 114.922875, 114.942994, 114.932871, 114.923388, 114.910381, 114.882254, 114.853998, 114.858163, 114.840992, 114.837852, 114.819143, 114.830868, 114.81075, 114.765259, 
114.731237, 114.702084, 114.6737, 114.651851, 114.635257, 114.595724, 114.58432, 114.56324, 114.527616, 114.552284, 114.536907, 114.53633, 114.522106, 114.498463, 114.452652, 114.437787, 114.413504, 114.366411, 114.341167, 114.311502, 114.212831, 114.182205, 114.129153, 114.125053, 114.086097, 114.052139, 114.028624, 113.991655, 113.964617, 113.929697, 113.932324, 113.883245, 113.864664, 113.839548, 113.836537, 113.853644, 113.855566, 113.83564, 113.801297, 113.776181, 113.775156, 113.767532, 113.776758, 
113.806808, 113.830514, 113.884399, 113.898046, 113.930274, 113.942896, 113.961733, 113.995115, 114.006456, 114.050793, 114.065274, 114.078793, 114.096797, 114.108714, 114.126654, 114.157217, 114.180923, 114.197005, 114.22635, 114.300097, 114.320215, 114.349176, 114.369679, 114.360773, 114.388196, 114.417989, 114.443618, 114.453165, 114.469695, 114.475974, 114.467389, 114.436314, 114.415939, 114.437018, 114.425101, 114.438236, 114.46662, 114.47969, 114.469503, 114.470913, 114.496798, 114.502308, 
114.532678, 114.536586, 114.557345, 114.563432, 114.58432, 114.604887, 114.633527, 114.654991, 114.680748, 114.712079, 114.716756, 114.760645, 114.783775, 114.821642, 114.838429, 114.891032, 114.936331, 114.961895, 114.987396, 115.011487, 115.03199, 115.050058, 115.095293, 115.138734, 115.168847, 115.179163, 115.177625, 115.215043, 115.250859, 115.283216, 115.312945, 115.342867, 115.330052, 115.345237, 115.343251, 115.365676, 115.364523, 115.399891, 115.40162, 115.426801, 115.438462, 115.480685, 
115.487285, 115.523037, 115.51003, 115.526625, 115.514323, 115.569168, 115.55488, 115.505289, 115.483761, 115.457171, 115.434105, 115.439871, 115.466717, 115.482351, 115.499266, 115.491065, 115.478507, 115.506698, 115.52246, 115.523421, 115.513041, 115.515925, 115.545974, 115.587044, 115.61844, 115.633176, 115.664507, 115.667134, 115.685331, 115.697889, 115.692058, 115.71711, 115.738574, 115.752542, 115.82033, 115.819241, 115.846023, 115.855506, 115.882992, 115.89004, 115.907852, 115.915605, 115.910223, 
115.923742, 115.937966, 115.959558, 115.978139, 115.978459, 115.991018, 115.995182, 116.026193, 116.036188, 116.121468, 116.149595, 116.151774, 116.19688, 116.221164, 116.246152, 116.244678, 116.222766, 116.220843, 116.182144, 116.179901, 116.151325, 116.132104, 116.133001, 116.116791, 116.13582, 116.198226, 116.208734, 116.201109, 116.186116, 116.206555, 116.207837, 116.221804, 116.262426, 116.263131, 116.28184, 116.305354, 116.317592, 116.318617, 116.307148, 116.293757, 116.299588, 116.3215, 116.33534, 
116.316182, 116.298755, 116.291386, 116.253007, 116.243653, 116.228083, 116.230262, 116.209503, 116.15203, 116.121083, 116.125633, 116.112754, 116.085524, 116.045543, 116.04157, 116.048746, 116.035548, 116.04093, 116.023054, 115.999731, 115.995118, 115.95187, 115.944053, 115.966286, 115.955009, 115.959879, 115.973526, 115.973398, 115.951101, 115.96321, 115.960583, 115.934058, 115.940721, 115.890809, 115.878507, 115.869345, 115.875047, 115.816101, 115.79137, 115.770418, 115.745686, 115.718584, 115.715957, 
115.731462, 115.705321, 115.699811, 115.650155, 115.644965, 115.590504, 115.57942, 115.575768, 115.550908, 115.547704, 115.516437, 115.516822, 115.494781, 115.495101, 115.478122, 115.462104, 115.420906, 115.402453, 115.381822, 115.383104, 115.393611, 115.369072, 115.356194, 115.34953, 115.324734, 38.248184, 38.235289, 38.2403, 38.260543, 38.287658, 38.29093, 38.269894, 38.236491, 38.236759, 38.259608, 38.256802, 38.264551, 38.276773, 38.293134, 38.288326, 38.264684, 38.258472, 38.267089, 38.258138, 
38.272165, 38.281114, 38.283385, 38.263348, 38.265286, 38.284854, 38.294936, 38.309624, 38.315631, 38.343193, 38.344194, 38.388217, 38.393751, 38.424149, 38.435879, 38.448605, 38.460797, 38.435745, 38.449871, 38.46033, 38.492365, 38.496626, 38.48191, 38.489102, 38.473452, 38.504682, 38.514801, 38.568897, 38.596429, 38.590644, 38.590644, 38.612983, 38.632324, 38.649268, 38.65372, 38.678297, 38.699413, 38.692773, 38.703928, 38.6862, 38.690184, 38.706517, 38.688192, 38.67657, 38.669596, 38.659632, 38.65837, 
38.686399, 38.688524, 38.676769, 38.699811, 38.702467, 38.71362, 38.74667, 38.746006, 38.758413, 38.79595, 38.810138, 38.828962, 38.842547, 38.85487, 38.885669, 38.919103, 38.959665, 38.98698, 38.989691, 39.011773, 39.051688, 39.067607, 39.063446, 39.08742, 39.100823, 39.095475, 39.12287, 39.13587, 39.093494, 39.095343, 39.083722, 39.052282, 39.050895, 39.061134, 39.049111, 39.050432, 39.066485, 39.079231, 39.070712, 39.076788, 39.107557, 39.133957, 39.176968, 39.171626, 39.174132, 39.192662, 39.193321, 
39.215867, 39.225884, 39.229641, 39.242885, 39.25942, 39.285105, 39.319139, 39.329669, 39.351118, 39.355196, 39.408787, 39.438556, 39.477112, 39.486174, 39.512891, 39.531987, 39.558162, 39.585835, 39.567869, 39.555866, 39.599209, 39.588064, 39.594358, 39.618674, 39.617036, 39.609499, 39.61022, 39.589179, 39.634728, 39.66368, 39.666103, 39.67802, 39.674746, 39.702373, 39.709245, 39.704795, 39.688627, 39.672651, 39.679592, 39.700475, 39.708067, 39.73882, 39.745165, 39.783551, 39.79205, 39.80656, 39.821851, 
39.837857, 39.867507, 39.885331, 39.891336, 39.903802, 39.950056, 39.952534, 39.935838, 39.923834, 39.898907, 39.881479, 39.875538, 39.837726, 39.814206, 39.795579, 39.784597, 39.798717, 39.781982, 39.782309, 39.752099, 39.740456, 39.742483, 39.69622, 39.66846, 39.650319, 39.652153, 39.639969, 39.620378, 39.611727, 39.591211, 39.61874, 39.589965, 39.604059, 39.597701, 39.604649, 39.615594, 39.603666, 39.579344, 39.56577, 39.560392, 39.546289, 39.515385, 39.509741, 39.53074, 39.543272, 39.555014, 
39.548126, 39.567869, 39.566885, 39.58295, 39.600847, 39.597308, 39.577442, 39.560851, 39.572852, 39.595669, 39.593768, 39.577049, 39.587409, 39.571672, 39.574951, 39.573049, 39.583409, 39.588982, 39.578951, 39.557178, 39.517354, 39.501995, 39.511644, 39.49635, 39.486568, 39.471005, 39.429423, 39.4055, 39.376243, 39.351842, 39.351315, 39.330195, 39.251911, 39.222457, 39.207429, 39.168526, 39.147813, 39.138114, 39.127292, 39.107623, 39.098116, 39.077911, 39.037416, 39.032196, 39.007344, 38.993658, 
38.998088, 38.984004, 38.962708, 38.975076, 38.948683, 38.932074, 38.949345, 38.942199, 38.92453, 38.921618, 38.948352, 38.934391, 38.920823, 38.909703, 38.91063, 38.897786, 38.878451, 38.8607, 38.829492, 38.812259, 38.812524, 38.796812, 38.77798, 38.746736, 38.735456, 38.708973, 38.702932, 38.679891, 38.668467, 38.635514, 38.627938, 38.613182, 38.584394, 38.546678, 38.530508, 38.52585, 38.535566, 38.524652, 38.510141, 38.52545, 38.512005, 38.48817, 38.481311, 38.449205, 38.438411, 38.392618, 38.367543, 
38.349932, 38.340791, 38.32611, 38.332784, 38.342859, 38.326377, 38.332917, 38.318168, 38.318168, 38.357337, 38.362006, 38.342993, 38.341658, 38.327311, 38.337922, 38.320103, 38.327578, 38.299076, 38.285588, 38.283451, 38.271764, 38.248117, 38.248184)))"
130700,张家口市,NA,NA,16,city,NA,6,NA,"list(list(c(116.365069, 116.334571, 116.334443, 116.399988, 116.40646, 116.43683, 116.456564, 116.465854, 116.453937, 116.416519, 116.414276, 116.379806, 116.317015, 116.307917, 116.290938, 116.273446, 116.269602, 116.247946, 116.235003, 116.218857, 116.191947, 116.171316, 116.162025, 116.136909, 116.112562, 116.121724, 116.099363, 116.062714, 116.030037, 116.0285, 116.005113, 115.981407, 115.971988, 115.907788, 115.885427, 115.846151, 115.827378, 115.819818, 115.792203, 115.755041, 115.736012, 115.782207, 
115.769841, 115.770418, 115.796431, 115.846856, 115.861849, 115.864476, 115.918296, 115.922653, 115.943156, 115.93976, 115.968913, 115.960007, 115.930085, 115.911953, 115.898498, 115.883121, 115.886324, 115.870306, 115.855506, 115.844421, 115.847817, 115.806555, 115.773045, 115.754336, 115.754849, 115.734858, 115.715893, 115.644581, 115.641762, 115.59909, 115.590697, 115.575576, 115.553727, 115.555457, 115.528034, 115.478571, 115.454544, 115.442178, 115.450123, 115.428531, 115.426801, 115.40162, 
115.399891, 115.364523, 115.365676, 115.343251, 115.345237, 115.330052, 115.342867, 115.312945, 115.283216, 115.250859, 115.215043, 115.177625, 115.179163, 115.168847, 115.138734, 115.095293, 115.050058, 115.03199, 115.011487, 114.987396, 114.961895, 114.936331, 114.891032, 114.838429, 114.821642, 114.783775, 114.760645, 114.716756, 114.712079, 114.680748, 114.654991, 114.633527, 114.604887, 114.58432, 114.563432, 114.568942, 114.557025, 114.515378, 114.495836, 114.474757, 114.431636, 114.408122, 
114.408827, 114.390695, 114.406712, 114.395436, 114.349432, 114.328929, 114.286065, 114.276967, 114.224877, 114.19944, 114.229426, 114.211998, 114.174132, 114.102884, 114.089941, 114.067772, 114.047397, 114.02824, 114.029457, 114.021256, 113.960452, 113.932004, 113.914641, 113.922457, 113.954878, 113.975573, 113.981019, 113.973843, 113.989476, 114.019462, 114.043809, 114.091159, 114.101218, 114.089108, 114.068029, 114.097758, 114.123387, 114.123963, 114.145107, 114.180026, 114.235833, 114.240126, 
114.255247, 114.293113, 114.335144, 114.362567, 114.406392, 114.469951, 114.510957, 114.526463, 114.530627, 114.499296, 114.470784, 114.446565, 114.390374, 114.382237, 114.344435, 114.314449, 114.28709, 114.299648, 114.275429, 114.267228, 114.282605, 114.285617, 114.296381, 114.293433, 114.273379, 114.282926, 114.258258, 114.236153, 114.209307, 114.216163, 114.200081, 114.18323, 114.147285, 114.134727, 114.104165, 114.104421, 114.081163, 114.044771, 114.069694, 114.073539, 114.052844, 114.052203, 
114.041375, 114.057457, 114.011773, 114.000753, 113.991142, 113.97647, 113.972946, 113.922585, 113.90567, 113.868445, 113.823402, 113.820327, 113.863383, 113.877927, 113.920407, 113.973651, 113.996781, 114.000625, 114.016259, 114.007032, 113.985824, 113.976854, 113.971536, 113.952956, 113.951226, 113.936297, 113.922585, 113.89952, 113.926622, 113.923354, 113.937514, 113.93399, 113.943985, 113.918229, 113.8712, 113.884911, 113.92124, 113.930659, 113.952827, 113.977559, 114.032148, 114.083982, 114.101218, 
114.231027, 114.231604, 114.221673, 114.237242, 114.227632, 114.259347, 114.215394, 114.219302, 114.237563, 114.232501, 114.206744, 114.215266, 114.200401, 114.202964, 114.243457, 114.287026, 114.330403, 114.326751, 114.343217, 114.348087, 114.374036, 114.421705, 114.476295, 114.487443, 114.510701, 114.501411, 114.484752, 114.485969, 114.46835, 114.466107, 114.479883, 114.5025, 114.500706, 114.510957, 114.560293, 114.585537, 114.624813, 114.647751, 114.675494, 114.704647, 114.710221, 114.754879, 
114.78935, 114.793963, 114.828369, 114.823051, 114.861302, 114.860854, 114.889622, 114.89148, 114.901796, 114.916853, 114.915507, 114.933255, 114.916148, 114.925438, 114.92153, 114.939214, 114.922363, 114.8663, 114.896157, 114.895068, 114.902885, 114.895581, 114.860726, 114.877449, 114.89808, 114.938317, 114.977849, 115.025006, 115.055953, 115.087796, 115.099137, 115.113489, 115.142386, 115.167246, 115.195053, 115.205753, 115.204215, 115.257587, 115.266429, 115.26425, 115.273477, 115.290328, 115.311535, 
115.365099, 115.377594, 115.345494, 115.360935, 115.355489, 115.336844, 115.319032, 115.347031, 115.366317, 115.430068, 115.488758, 115.519769, 115.548345, 115.574102, 115.598641, 115.630806, 115.653871, 115.659382, 115.68815, 115.724415, 115.727874, 115.756707, 115.795855, 115.810976, 115.815461, 115.828852, 115.853071, 115.916374, 115.946936, 115.978588, 115.994926, 116.016646, 116.03401, 116.083986, 116.081039, 116.056307, 116.014404, 115.972885, 115.909967, 115.929252, 115.924767, 115.958789, 
115.97391, 115.982112, 115.97673, 116.000052, 116.004473, 116.03023, 116.036124, 116.07713, 116.08751, 116.141586, 116.17484, 116.203352, 116.209503, 116.191627, 116.198995, 116.213603, 116.235195, 116.221356, 116.22347, 116.245895, 116.233273, 116.245447, 116.268769, 116.277419, 116.296128, 116.264733, 116.29837, 116.333546, 116.341747, 116.365069, 40.943216, 40.921749, 40.904648, 40.84978, 40.833368, 40.820751, 40.798665, 40.774511, 40.765877, 40.769357, 40.777925, 40.77232, 40.772256, 40.752152, 
40.763815, 40.762913, 40.777152, 40.791839, 40.783143, 40.742807, 40.724241, 40.695996, 40.662383, 40.667674, 40.648507, 40.62914, 40.630561, 40.610285, 40.597367, 40.607314, 40.584124, 40.579665, 40.602341, 40.617324, 40.595235, 40.593039, 40.587031, 40.559374, 40.561313, 40.540046, 40.503832, 40.492058, 40.468051, 40.444165, 40.426812, 40.375113, 40.373428, 40.359363, 40.353917, 40.325905, 40.311375, 40.304434, 40.264263, 40.256667, 40.254524, 40.23446, 40.234524, 40.216143, 40.206657, 40.186058, 
40.188853, 40.168053, 40.147052, 40.15323, 40.176179, 40.163243, 40.145427, 40.129492, 40.133395, 40.12663, 40.115897, 40.119995, 40.096376, 40.100997, 40.091691, 40.082644, 40.07633, 40.036153, 40.029705, 40.010876, 39.99289, 39.984352, 39.950056, 39.903802, 39.891336, 39.885331, 39.867507, 39.837857, 39.821851, 39.80656, 39.79205, 39.783551, 39.745165, 39.73882, 39.708067, 39.700475, 39.679592, 39.672651, 39.688627, 39.704795, 39.709245, 39.702373, 39.674746, 39.67802, 39.666103, 39.66368, 39.634728, 
39.589179, 39.61022, 39.609499, 39.617036, 39.618674, 39.594358, 39.588064, 39.599209, 39.555866, 39.567869, 39.585835, 39.558162, 39.573967, 39.581442, 39.564983, 39.608188, 39.613759, 39.614021, 39.651956, 39.782375, 39.818584, 39.83348, 39.867246, 39.862806, 39.865548, 39.858235, 39.874494, 39.851704, 39.87939, 39.899495, 39.918745, 39.897602, 39.912873, 39.910197, 39.922334, 39.916135, 39.959316, 39.985395, 39.991782, 40.000906, 40.009443, 40.005924, 40.026578, 40.030812, 40.051068, 40.073205, 
40.097157, 40.112383, 40.102819, 40.056863, 40.075288, 40.10874, 40.121491, 40.179754, 40.193597, 40.188723, 40.178129, 40.177349, 40.191517, 40.198341, 40.221924, 40.236213, 40.230108, 40.245434, 40.250109, 40.246149, 40.268093, 40.303006, 40.32357, 40.3451, 40.354047, 40.349703, 40.372845, 40.351259, 40.362085, 40.36954, 40.369604, 40.423444, 40.440086, 40.458019, 40.474199, 40.495164, 40.525822, 40.535973, 40.551424, 40.553815, 40.590778, 40.610672, 40.606991, 40.629721, 40.63437, 40.662189, 40.671675, 
40.73346, 40.737263, 40.768068, 40.797571, 40.790486, 40.831115, 40.846948, 40.857308, 40.870304, 40.893395, 40.917378, 40.925092, 40.935311, 40.947521, 40.940195, 40.961206, 40.982981, 41.024391, 41.034081, 41.068853, 41.093093, 41.101619, 41.106042, 41.115593, 41.172034, 41.174275, 41.192458, 41.224011, 41.232073, 41.250752, 41.270385, 41.266676, 41.239814, 41.254269, 41.282916, 41.294805, 41.291162, 41.316214, 41.326309, 41.33934, 41.356647, 41.376823, 41.390802, 41.40382, 41.413327, 41.438141, 
41.457271, 41.485573, 41.483533, 41.506664, 41.529595, 41.528958, 41.537746, 41.513671, 41.547043, 41.582242, 41.59624, 41.620221, 41.6234, 41.685057, 41.700239, 41.698651, 41.717705, 41.738402, 41.756492, 41.778509, 41.793416, 41.832792, 41.868658, 41.916977, 41.9297, 41.926915, 41.947609, 41.956783, 41.942167, 41.953936, 41.96722, 41.973292, 41.99277, 41.999155, 42.015338, 42.025577, 42.037962, 42.064304, 42.067398, 42.085963, 42.110897, 42.132414, 42.131215, 42.112222, 42.109634, 42.120426, 42.121435, 
42.115377, 42.115756, 42.130963, 42.149193, 42.147679, 42.140867, 42.101997, 42.05483, 42.030316, 42.012115, 42.015528, 41.981008, 41.958934, 41.943559, 41.936978, 41.899566, 41.875943, 41.846165, 41.825121, 41.804578, 41.76766, 41.736561, 41.689313, 41.636436, 41.600948, 41.590896, 41.607182, 41.613225, 41.611571, 41.61526, 41.602284, 41.613415, 41.623973, 41.615769, 41.616087, 41.605973, 41.602093, 41.591723, 41.571423, 41.581097, 41.592868, 41.611889, 41.622764, 41.622955, 41.592677, 41.595795, 
41.602475, 41.635673, 41.661355, 41.672158, 41.675145, 41.691473, 41.712307, 41.712561, 41.728753, 41.760934, 41.767787, 41.783902, 41.805403, 41.808003, 41.824995, 41.829052, 41.848319, 41.867708, 41.868025, 41.888421, 41.886774, 41.911153, 41.912356, 41.928687, 41.936978, 41.927738, 41.945141, 41.885634, 41.840841, 41.828608, 41.77705, 41.782633, 41.781745, 41.776352, 41.733705, 41.715355, 41.680101, 41.642921, 41.596113, 41.568623, 41.550353, 41.529659, 41.485127, 41.470913, 41.454402, 41.432911, 
41.416645, 41.397694, 41.384866, 41.376951, 41.373439, 41.356328, 41.326117, 41.307715, 41.288158, 41.259578, 41.233288, 41.211853, 41.185928, 41.174275, 41.16358, 41.130845, 41.114183, 41.102645, 41.083154, 41.062118, 41.038252, 40.986641, 40.984458, 40.964804, 40.943216)))"
130800,承德市,NA,NA,11,city,NA,7,NA,"list(list(c(119.158474, 119.105487, 119.086394, 119.063392, 119.013095, 118.998359, 118.983366, 118.952676, 118.966003, 118.919038, 118.886938, 118.864, 118.821328, 118.794867, 118.792112, 118.772954, 118.723491, 118.702795, 118.657176, 118.624179, 118.618349, 118.643785, 118.640197, 118.608225, 118.596949, 118.580098, 118.568949, 118.533325, 118.532364, 118.539989, 118.558377, 118.550881, 118.571512, 118.548062, 118.523458, 118.503211, 118.45599, 118.430746, 118.402683, 118.387305, 118.360011, 118.356295, 
118.306575, 118.277935, 118.262942, 118.239684, 118.173818, 118.156967, 118.153123, 118.165232, 118.133837, 118.121856, 118.079312, 118.061564, 118.031643, 118.000888, 117.909457, 117.897989, 117.867554, 117.844104, 117.807775, 117.75152, 117.714551, 117.694112, 117.677069, 117.64625, 117.619532, 117.609409, 117.575451, 117.56238, 117.571671, 117.54617, 117.514326, 117.484084, 117.450062, 117.419115, 117.415335, 117.386375, 117.350943, 117.339859, 117.331465, 117.296354, 117.293342, 117.274377, 117.275018, 
117.260217, 117.242277, 117.226195, 117.228502, 117.240675, 117.234076, 117.263357, 117.236511, 117.237215, 117.208575, 117.219019, 117.247147, 117.264126, 117.247403, 117.269444, 117.311859, 117.342742, 117.365936, 117.387464, 117.402072, 117.430008, 117.412708, 117.430264, 117.448909, 117.46198, 117.477997, 117.501256, 117.514583, 117.492862, 117.442245, 117.409248, 117.359208, 117.342678, 117.32115, 117.290395, 117.261371, 117.241636, 117.20236, 117.117785, 117.110673, 117.0771, 117.058327, 117.031032, 
116.979967, 116.926531, 116.923391, 116.894623, 116.896353, 116.880207, 116.87617, 116.847723, 116.813636, 116.805051, 116.79512, 116.759496, 116.730471, 116.713236, 116.722334, 116.689465, 116.67774, 116.683058, 116.698884, 116.688632, 116.665182, 116.64769, 116.630839, 116.614116, 116.622958, 116.614309, 116.597778, 116.569715, 116.536333, 116.516791, 116.455539, 116.447466, 116.473607, 116.474184, 116.458678, 116.41402, 116.398515, 116.37641, 116.365069, 116.341747, 116.333546, 116.29837, 116.264733, 
116.296128, 116.277419, 116.268769, 116.245447, 116.233273, 116.245895, 116.22347, 116.221356, 116.235195, 116.213603, 116.198995, 116.191627, 116.209503, 116.203352, 116.17484, 116.141586, 116.08751, 116.07713, 116.036124, 116.03023, 116.004473, 116.000052, 115.97673, 115.982112, 115.97391, 115.958789, 115.924767, 115.929252, 115.909967, 115.972885, 116.014404, 116.056307, 116.081039, 116.098658, 116.129221, 116.105706, 116.106667, 116.134731, 116.171124, 116.193164, 116.212578, 116.211361, 116.230518, 
116.233401, 116.28421, 116.29837, 116.306507, 116.327267, 116.373719, 116.409087, 116.41402, 116.393133, 116.432088, 116.453873, 116.482641, 116.496416, 116.514164, 116.533706, 116.566383, 116.597073, 116.634812, 116.669154, 116.72746, 116.744631, 116.766479, 116.796209, 116.821133, 116.831961, 116.868161, 116.87963, 116.881681, 116.890651, 116.877324, 116.865022, 116.850221, 116.825169, 116.789225, 116.858166, 116.903401, 116.917433, 116.918522, 116.897442, 116.886806, 116.911858, 116.914421, 116.965102, 
117.006685, 117.016744, 117.046922, 117.079535, 117.094912, 117.135726, 117.175963, 117.222287, 117.252208, 117.275466, 117.321406, 117.330056, 117.390732, 117.412836, 117.416296, 117.408415, 117.387015, 117.39637, 117.433147, 117.44436, 117.435197, 117.455957, 117.473512, 117.524898, 117.539955, 117.600311, 117.610883, 117.6442, 117.66733, 117.707247, 117.779904, 117.801496, 117.792334, 117.797588, 117.829624, 117.849614, 117.87409, 117.940148, 117.954564, 117.99762, 118.019405, 118.021263, 118.009153, 
118.016265, 118.059962, 118.047468, 118.023249, 117.971095, 117.977438, 118.020366, 118.033629, 118.089051, 118.10635, 118.104172, 118.088859, 118.097765, 118.136528, 118.155173, 118.136913, 118.115256, 118.116538, 118.141846, 118.189067, 118.204188, 118.220206, 118.212581, 118.226613, 118.252498, 118.272232, 118.297284, 118.283061, 118.237634, 118.256278, 118.294722, 118.314007, 118.306255, 118.306511, 118.268901, 118.270182, 118.286649, 118.324515, 118.340213, 118.331755, 118.319838, 118.292287, 
118.270823, 118.246988, 118.236032, 118.219117, 118.165873, 118.140372, 118.130698, 118.155173, 118.153699, 118.169013, 118.206879, 118.215208, 118.20989, 118.215337, 118.230522, 118.270823, 118.279152, 118.301577, 118.313302, 118.302923, 118.315801, 118.295426, 118.269605, 118.272168, 118.327078, 118.34867, 118.343993, 118.361741, 118.348286, 118.349119, 118.380193, 118.399607, 118.412422, 118.47329, 118.500841, 118.528135, 118.539796, 118.57997, 118.629946, 118.676974, 118.695171, 118.741879, 118.763343, 
118.770007, 118.846124, 118.844907, 118.868421, 118.890718, 118.934671, 118.949536, 118.974716, 119.006752, 119.035136, 119.093121, 119.154951, 119.200698, 119.212103, 119.239461, 119.248367, 119.231004, 119.20954, 119.209796, 119.169623, 119.166483, 119.188909, 119.184295, 119.158603, 119.126374, 119.081204, 119.080627, 119.073771, 119.050834, 119.037507, 119.008354, 118.964657, 118.93685, 118.936209, 118.951971, 119.013544, 119.0204, 119.005086, 119.000601, 118.946461, 118.917052, 118.903468, 118.891743, 
118.873034, 118.855094, 118.846252, 118.849135, 118.861501, 118.878544, 118.910965, 118.895459, 118.91167, 118.949344, 118.960813, 118.987723, 119.010725, 119.027063, 119.048719, 119.05423, 119.081588, 119.095107, 119.115098, 119.153349, 119.176222, 119.185833, 119.173211, 119.146557, 119.158474, 40.614418, 40.603632, 40.588775, 40.606151, 40.577081, 40.578955, 40.56364, 40.558469, 40.536102, 40.53093, 40.542438, 40.527244, 40.531964, 40.510753, 40.492382, 40.479765, 40.473746, 40.491411, 40.450574, 
40.437626, 40.425193, 40.380946, 40.354566, 40.328305, 40.308456, 40.305861, 40.287564, 40.298854, 40.319419, 40.361048, 40.36928, 40.385482, 40.414636, 40.422667, 40.40628, 40.403365, 40.414053, 40.411851, 40.416838, 40.436719, 40.428819, 40.435295, 40.419558, 40.425711, 40.452063, 40.464686, 40.423056, 40.423768, 40.409519, 40.400449, 40.375113, 40.354695, 40.353528, 40.319095, 40.302358, 40.29256, 40.285876, 40.270429, 40.26965, 40.261406, 40.261926, 40.229718, 40.241668, 40.238161, 40.22095, 
40.205163, 40.206398, 40.194897, 40.192817, 40.206073, 40.219261, 40.232901, 40.227705, 40.235304, 40.252512, 40.249785, 40.236862, 40.22712, 40.229978, 40.246213, 40.28977, 40.278088, 40.296713, 40.308521, 40.33239, 40.335762, 40.369993, 40.369021, 40.386389, 40.394424, 40.417162, 40.442352, 40.45653, 40.468763, 40.501115, 40.514375, 40.511788, 40.517285, 40.54024, 40.560473, 40.57805, 40.581604, 40.575982, 40.560861, 40.573139, 40.576112, 40.605118, 40.626041, 40.628366, 40.65309, 40.635338, 40.636759, 
40.660511, 40.675417, 40.676643, 40.687288, 40.673869, 40.673611, 40.658317, 40.660189, 40.681159, 40.676643, 40.695609, 40.700059, 40.70825, 40.700059, 40.701543, 40.692126, 40.702833, 40.744869, 40.773738, 40.781597, 40.79712, 40.804332, 40.821202, 40.839354, 40.848428, 40.840706, 40.863614, 40.889858, 40.897768, 40.911978, 40.927406, 40.950669, 40.971227, 41.000511, 41.021246, 41.044669, 41.046658, 41.059296, 41.060771, 41.03607, 41.02086, 40.982916, 40.97476, 40.991265, 40.988889, 40.975274, 
40.980476, 40.953818, 40.919757, 40.896032, 40.900597, 40.899762, 40.905999, 40.939681, 40.943216, 40.964804, 40.984458, 40.986641, 41.038252, 41.062118, 41.083154, 41.102645, 41.114183, 41.130845, 41.16358, 41.174275, 41.185928, 41.211853, 41.233288, 41.259578, 41.288158, 41.307715, 41.326117, 41.356328, 41.373439, 41.376951, 41.384866, 41.397694, 41.416645, 41.432911, 41.454402, 41.470913, 41.485127, 41.529659, 41.550353, 41.568623, 41.596113, 41.642921, 41.680101, 41.715355, 41.733705, 41.776352, 
41.776479, 41.806607, 41.834757, 41.849587, 41.863844, 41.868912, 41.861816, 41.885128, 41.906848, 41.926282, 41.941408, 41.959376, 41.968106, 41.991379, 42.005667, 42.009965, 41.994034, 41.98221, 41.94299, 41.939383, 41.945964, 41.975886, 41.97968, 41.970067, 41.938876, 41.928751, 41.935586, 41.929953, 41.947735, 41.951089, 41.982146, 41.990304, 41.978099, 41.988723, 42.005351, 42.002885, 42.018372, 42.05224, 42.092655, 42.121057, 42.124085, 42.15632, 42.155563, 42.200261, 42.197236, 42.19087, 42.207698, 
42.229875, 42.297618, 42.366608, 42.391431, 42.402677, 42.421583, 42.432948, 42.45649, 42.454105, 42.460632, 42.483661, 42.469167, 42.465527, 42.475442, 42.473685, 42.481905, 42.468791, 42.461887, 42.462076, 42.472493, 42.512326, 42.519976, 42.517405, 42.536339, 42.555769, 42.577447, 42.585403, 42.589411, 42.602437, 42.590727, 42.605443, 42.603001, 42.592355, 42.589787, 42.582459, 42.588033, 42.618591, 42.612706, 42.598367, 42.585277, 42.56498, 42.546619, 42.510194, 42.462766, 42.445003, 42.416684, 
42.395201, 42.371636, 42.358248, 42.333286, 42.29831, 42.280563, 42.267155, 42.248014, 42.229875, 42.213432, 42.199127, 42.183874, 42.171958, 42.148878, 42.117144, 42.10509, 42.094486, 42.081164, 42.052871, 42.045859, 42.037204, 42.031327, 42.030569, 42.034866, 42.058619, 42.081101, 42.090256, 42.091014, 42.083311, 42.048765, 42.03158, 42.022859, 42.010724, 42.005224, 41.987774, 41.975127, 41.940269, 41.930143, 41.917357, 41.91109, 41.880187, 41.872459, 41.840651, 41.83146, 41.772863, 41.762203, 
41.774005, 41.807559, 41.815358, 41.813265, 41.783965, 41.742275, 41.712624, 41.691156, 41.67076, 41.65074, 41.633002, 41.61774, 41.595668, 41.582178, 41.573524, 41.56544, 41.569641, 41.561494, 41.552709, 41.512525, 41.485127, 41.478881, 41.471296, 41.450831, 41.428318, 41.404139, 41.386717, 41.373886, 41.342789, 41.312124, 41.311102, 41.33193, 41.345663, 41.345791, 41.355051, 41.3509, 41.354029, 41.34643, 41.350453, 41.337999, 41.324073, 41.328928, 41.353071, 41.373823, 41.34247, 41.312636, 41.300749, 
41.304584, 41.318003, 41.306565, 41.307076, 41.298768, 41.293655, 41.297682, 41.28234, 41.308099, 41.314489, 41.27665, 41.256444, 41.244483, 41.225803, 41.222923, 41.21294, 41.198156, 41.182727, 41.169664, 41.138662, 41.131422, 41.095978, 41.084244, 41.080333, 41.067378, 41.068596, 41.079307, 41.052624, 41.037482, 41.018421, 41.007637, 40.997878, 40.984265, 40.967052, 40.958122, 40.968594, 40.961784, 40.903362, 40.848042, 40.840577, 40.822103, 40.800919, 40.802658, 40.783207, 40.776766, 40.754021, 
40.756083, 40.747834, 40.720566, 40.697931, 40.687868, 40.692448, 40.681482, 40.664964, 40.671869, 40.663351, 40.666513, 40.688707, 40.690191, 40.67574, 40.654316, 40.63579, 40.614418)))"
130900,沧州市,NA,NA,16,city,NA,8,NA,"list(list(c(116.335916, 116.3281, 116.375192, 116.374936, 116.36539, 116.378909, 116.386533, 116.424784, 116.434331, 116.438367, 116.451182, 116.460664, 116.47303, 116.466623, 116.481424, 116.473415, 116.51346, 116.515382, 116.53377, 116.565166, 116.563243, 116.496352, 116.483474, 116.479309, 116.417224, 116.3709, 116.343925, 116.329189, 116.306764, 116.278252, 116.266975, 116.266206, 116.256595, 116.226354, 116.209118, 116.188039, 116.170163, 116.170867, 116.153952, 116.091034, 116.093981, 116.120571, 
116.100645, 116.071876, 116.062394, 116.042467, 116.049515, 116.070595, 116.05227, 116.055474, 116.031511, 116.031831, 116.048554, 116.055218, 116.049771, 115.986725, 115.968913, 115.938671, 115.935403, 115.900804, 115.887542, 115.899523, 115.871267, 115.856467, 115.864476, 115.837181, 115.833016, 115.850188, 115.841538, 115.804633, 115.783297, 115.738767, 115.734025, 115.705321, 115.731462, 115.715957, 115.718584, 115.745686, 115.770418, 115.79137, 115.816101, 115.875047, 115.869345, 115.878507, 
115.890809, 115.940721, 115.934058, 115.960583, 115.96321, 115.951101, 115.973398, 115.973526, 115.959879, 115.955009, 115.966286, 115.944053, 115.95187, 115.995118, 115.999731, 116.023054, 116.04093, 116.035548, 116.048746, 116.04157, 116.045543, 116.085524, 116.112754, 116.125633, 116.121083, 116.15203, 116.209503, 116.20002, 116.202198, 116.212194, 116.23212, 116.248907, 116.247497, 116.278764, 116.271973, 116.338287, 116.390313, 116.42299, 116.435804, 116.406331, 116.370836, 116.366863, 116.381984, 
116.41921, 116.425425, 116.454834, 116.455475, 116.432152, 116.431127, 116.452655, 116.449772, 116.465726, 116.519482, 116.559399, 116.569715, 116.589897, 116.610593, 116.627315, 116.621228, 116.647114, 116.668257, 116.672678, 116.652431, 116.643333, 116.671653, 116.662234, 116.680303, 116.680559, 116.702792, 116.71503, 116.733739, 116.738224, 116.763212, 116.77404, 116.758855, 116.766351, 116.796529, 116.859127, 116.867457, 116.866496, 116.87726, 116.994447, 117.014502, 117.015719, 117.042309, 117.039041, 
117.06813, 117.051727, 117.064285, 117.071526, 117.086326, 117.098179, 117.13611, 117.151103, 117.186086, 117.23036, 117.23068, 117.255988, 117.259512, 117.238369, 117.253169, 117.292189, 117.305644, 117.358055, 117.368883, 117.369075, 117.391949, 117.432442, 117.478895, 117.541429, 117.557831, 117.63901, 117.645033, 117.638562, 117.643367, 117.68527, 117.685975, 117.645161, 117.647852, 117.678799, 117.710899, 117.725123, 117.730505, 117.781186, 117.804764, 117.846411, 117.937457, 117.958024, 117.948349, 
117.916698, 117.895682, 117.860891, 117.8475, 117.808544, 117.789195, 117.801625, 117.766962, 117.76882, 117.743191, 117.729223, 117.704492, 117.679504, 117.666048, 117.616713, 117.58378, 117.556486, 117.56033, 117.527974, 117.512789, 117.481137, 117.438593, 117.406301, 117.381954, 117.34428, 117.320124, 117.271366, 117.208832, 117.185317, 117.150142, 117.093759, 117.074345, 117.027188, 116.976635, 116.947675, 116.919355, 116.883795, 116.84375, 116.812739, 116.788136, 116.786149, 116.753665, 116.753793, 
116.744182, 116.723167, 116.724512, 116.699332, 116.67979, 116.663964, 116.641027, 116.640834, 116.604506, 116.574648, 116.545816, 116.538512, 116.517048, 116.486421, 116.456115, 116.434139, 116.402167, 116.368913, 116.376858, 116.367696, 116.343541, 116.335916, 37.581263, 37.605058, 37.617256, 37.63949, 37.648719, 37.659698, 37.696393, 37.735829, 37.734618, 37.758902, 37.7587, 37.778875, 37.777059, 37.805564, 37.830026, 37.865495, 37.863951, 37.892892, 37.907727, 37.980116, 38.01987, 38.013704, 
38.02503, 38.011492, 38.009481, 38.018597, 38.017256, 38.008141, 37.979312, 37.962479, 37.981458, 37.961405, 37.965229, 37.95121, 37.966369, 37.968314, 37.959594, 37.933565, 37.914573, 37.910949, 37.922627, 37.948996, 37.948929, 37.980318, 38.005057, 38.026706, 38.038365, 38.041112, 38.052434, 38.071725, 38.082774, 38.100718, 38.11424, 38.131306, 38.146026, 38.125885, 38.138533, 38.144354, 38.167232, 38.158536, 38.171312, 38.20314, 38.217579, 38.240901, 38.255266, 38.272499, 38.298008, 38.309423, 
38.346062, 38.345462, 38.358338, 38.369544, 38.359205, 38.367543, 38.392618, 38.438411, 38.449205, 38.481311, 38.48817, 38.512005, 38.52545, 38.510141, 38.524652, 38.535566, 38.52585, 38.530508, 38.546678, 38.584394, 38.613182, 38.627938, 38.635514, 38.668467, 38.679891, 38.702932, 38.708973, 38.735456, 38.746736, 38.77798, 38.796812, 38.812524, 38.812259, 38.829492, 38.8607, 38.878451, 38.897786, 38.91063, 38.909703, 38.920823, 38.934391, 38.948352, 38.921618, 38.915727, 38.887258, 38.870238, 38.871894, 
38.85964, 38.848907, 38.836451, 38.816634, 38.80689, 38.789784, 38.770419, 38.733199, 38.703596, 38.692508, 38.67305, 38.619165, 38.599288, 38.587187, 38.580337, 38.557656, 38.552533, 38.539558, 38.534501, 38.518262, 38.494096, 38.48817, 38.496759, 38.470988, 38.483908, 38.479646, 38.501087, 38.514335, 38.50648, 38.530042, 38.546545, 38.551202, 38.564773, 38.566503, 38.581268, 38.592706, 38.605936, 38.619098, 38.609327, 38.614047, 38.631327, 38.633853, 38.652258, 38.732071, 38.741959, 38.74667, 38.741295, 
38.745873, 38.717005, 38.680688, 38.695695, 38.690184, 38.700409, 38.706517, 38.688457, 38.680621, 38.643488, 38.635713, 38.607399, 38.606402, 38.586921, 38.598756, 38.617702, 38.616506, 38.641694, 38.624017, 38.613781, 38.603078, 38.581002, 38.556192, 38.562445, 38.556591, 38.57056, 38.582465, 38.564773, 38.572689, 38.601349, 38.617237, 38.60361, 38.613781, 38.626742, 38.593836, 38.570028, 38.54029, 38.539425, 38.532438, 38.527647, 38.508677, 38.477049, 38.467791, 38.457333, 38.424949, 38.373812, 
38.367076, 38.36801, 38.38775, 38.376147, 38.346462, 38.32344, 38.301613, 38.274569, 38.25393, 38.228406, 38.180741, 38.173786, 38.15867, 38.131908, 38.123409, 38.093822, 38.076078, 38.07956, 38.072528, 38.069046, 38.070653, 38.05719, 38.040978, 37.996275, 37.943428, 37.914842, 37.853876, 37.843531, 37.854547, 37.862675, 37.861399, 37.839903, 37.843732, 37.849778, 37.839567, 37.849509, 37.848771, 37.832378, 37.841045, 37.840037, 37.845882, 37.844337, 37.834461, 37.843598, 37.843396, 37.82633, 37.792993, 
37.770536, 37.757355, 37.766703, 37.744305, 37.730648, 37.728764, 37.687776, 37.682323, 37.666432, 37.62514, 37.609978, 37.582477, 37.568453, 37.557191, 37.524205, 37.513679, 37.473383, 37.509833, 37.526364, 37.546602, 37.566295, 37.566025, 37.581263)))"
131000,廊坊市,NA,NA,10,city,NA,9,NA,"list(list(c(116.244678, 116.257941, 116.279277, 116.306443, 116.320027, 116.350461, 116.408958, 116.434395, 116.454706, 116.444134, 116.412354, 116.418761, 116.402807, 116.402679, 116.424079, 116.424656, 116.443813, 116.437534, 116.464573, 116.478861, 116.470916, 116.508462, 116.519354, 116.524416, 116.541779, 116.566575, 116.565934, 116.607773, 116.620524, 116.646537, 116.662363, 116.705099, 116.727075, 116.7026, 116.700742, 116.748667, 116.790699, 116.789994, 116.812355, 116.797875, 116.81165, 
116.787687, 116.806204, 116.819595, 116.826194, 116.813957, 116.820748, 116.785124, 116.807421, 116.815751, 116.832473, 116.855475, 116.875914, 116.834139, 116.837599, 116.818121, 116.829206, 116.849196, 116.870724, 116.875786, 116.889626, 116.884243, 116.867969, 116.878733, 116.892637, 116.874569, 116.875594, 116.855796, 116.863164, 116.870084, 116.909232, 116.924096, 116.91109, 116.881488, 116.869891, 116.860473, 116.80268, 116.787303, 116.773015, 116.756612, 116.754626, 116.728613, 116.716183, 
116.70811, 116.708046, 116.722334, 116.723103, 116.74604, 116.75123, 116.73848, 116.737327, 116.751294, 116.746297, 116.766351, 116.758855, 116.77404, 116.763212, 116.738224, 116.733739, 116.71503, 116.702792, 116.680559, 116.680303, 116.662234, 116.671653, 116.643333, 116.652431, 116.672678, 116.668257, 116.647114, 116.621228, 116.627315, 116.610593, 116.589897, 116.569715, 116.559399, 116.519482, 116.465726, 116.449772, 116.452655, 116.431127, 116.432152, 116.455475, 116.454834, 116.425425, 116.41921, 
116.381984, 116.366863, 116.370836, 116.406331, 116.435804, 116.42299, 116.390313, 116.338287, 116.271973, 116.278764, 116.247497, 116.248907, 116.23212, 116.212194, 116.202198, 116.20002, 116.209503, 116.230262, 116.228083, 116.243653, 116.253007, 116.291386, 116.298755, 116.316182, 116.33534, 116.3215, 116.299588, 116.293757, 116.307148, 116.318617, 116.317592, 116.305354, 116.28184, 116.263131, 116.262426, 116.221804, 116.207837, 116.206555, 116.186116, 116.201109, 116.208734, 116.198226, 116.13582, 
116.116791, 116.133001, 116.132104, 116.151325, 116.179901, 116.182144, 116.220843, 116.222766, 116.244678, 39.517354, 39.500551, 39.491295, 39.488997, 39.46851, 39.453009, 39.45025, 39.442761, 39.453338, 39.482169, 39.482103, 39.506393, 39.5144, 39.526869, 39.522735, 39.509741, 39.509872, 39.526541, 39.527657, 39.539204, 39.55462, 39.551078, 39.566491, 39.596521, 39.593505, 39.604387, 39.619788, 39.619723, 39.601699, 39.599143, 39.605239, 39.587999, 39.593047, 39.610417, 39.621033, 39.619919, 39.596062, 
39.610548, 39.615922, 39.594358, 39.576983, 39.554555, 39.528838, 39.52851, 39.513088, 39.510266, 39.482431, 39.465883, 39.445586, 39.451761, 39.435468, 39.443352, 39.434548, 39.402674, 39.374073, 39.373547, 39.338881, 39.339473, 39.357499, 39.33921, 39.338157, 39.305383, 39.302552, 39.255336, 39.223973, 39.230036, 39.21646, 39.215669, 39.201365, 39.153685, 39.150782, 39.119372, 39.111055, 39.071702, 39.069919, 39.050564, 39.050895, 39.061927, 39.046865, 39.0503, 39.003245, 38.975341, 38.93889, 38.931876, 
38.897058, 38.897058, 38.852551, 38.851491, 38.831282, 38.807022, 38.784479, 38.780168, 38.754233, 38.741959, 38.732071, 38.652258, 38.633853, 38.631327, 38.614047, 38.609327, 38.619098, 38.605936, 38.592706, 38.581268, 38.566503, 38.564773, 38.551202, 38.546545, 38.530042, 38.50648, 38.514335, 38.501087, 38.479646, 38.483908, 38.470988, 38.496759, 38.48817, 38.494096, 38.518262, 38.534501, 38.539558, 38.552533, 38.557656, 38.580337, 38.587187, 38.599288, 38.619165, 38.67305, 38.692508, 38.703596, 
38.733199, 38.770419, 38.789784, 38.80689, 38.816634, 38.836451, 38.848907, 38.85964, 38.871894, 38.870238, 38.887258, 38.915727, 38.921618, 38.92453, 38.942199, 38.949345, 38.932074, 38.948683, 38.975076, 38.962708, 38.984004, 38.998088, 38.993658, 39.007344, 39.032196, 39.037416, 39.077911, 39.098116, 39.107623, 39.127292, 39.138114, 39.147813, 39.168526, 39.207429, 39.222457, 39.251911, 39.330195, 39.351315, 39.351842, 39.376243, 39.4055, 39.429423, 39.471005, 39.486568, 39.49635, 39.511644, 39.501995, 
39.517354)), list(c(117.209793, 117.222863, 117.1841, 117.187752, 117.198132, 117.178654, 117.175963, 117.151039, 117.156869, 117.137456, 117.158856, 117.149117, 117.166865, 117.227797, 117.247467, 117.259961, 117.252208, 117.192173, 117.195056, 117.156357, 117.15751, 117.178718, 117.18064, 117.205884, 117.161867, 117.153153, 117.169235, 117.170132, 117.159624, 117.177693, 117.157959, 117.152641, 117.127076, 117.057045, 117.015783, 117.004378, 116.974585, 116.963629, 116.944599, 116.950878, 116.91692, 
116.912563, 116.893854, 116.88277, 116.916664, 116.901799, 116.920893, 116.924288, 116.949725, 116.952608, 116.928453, 116.92589, 116.902824, 116.907566, 116.885653, 116.866047, 116.827284, 116.804154, 116.784676, 116.780575, 116.757317, 116.775385, 116.770452, 116.781536, 116.819979, 116.822734, 116.857782, 116.867841, 116.928133, 116.960489, 116.972086, 117.000662, 117.028533, 117.052048, 117.085173, 117.085621, 117.119515, 117.13925, 117.160073, 117.204347, 117.209793, 40.082253, 40.065523, 40.062593, 
40.026187, 39.99276, 39.977311, 39.959121, 39.944839, 39.938055, 39.921616, 39.909218, 39.896297, 39.868944, 39.852749, 39.861043, 39.843409, 39.834591, 39.833088, 39.82551, 39.817473, 39.796756, 39.795318, 39.78244, 39.763871, 39.747389, 39.722726, 39.717622, 39.673371, 39.666823, 39.645602, 39.636627, 39.623523, 39.61697, 39.644554, 39.654052, 39.644489, 39.636824, 39.643441, 39.695173, 39.706824, 39.706365, 39.689216, 39.695893, 39.718472, 39.731362, 39.763609, 39.769167, 39.781263, 39.778583, 
39.789827, 39.813095, 39.835374, 39.848242, 39.834133, 39.844585, 39.843866, 39.87704, 39.877954, 39.891401, 39.94973, 39.961468, 39.99276, 40.011658, 40.034851, 40.028337, 40.046444, 40.051914, 40.041885, 40.05491, 40.051133, 40.037, 40.0299, 40.033939, 40.059402, 40.068583, 40.075158, 40.072424, 40.064025, 40.076199, 40.06982, 40.082253)))"
131100,衡水市,NA,NA,11,city,NA,10,NA,"list(list(c(115.853904, 115.827378, 115.786564, 115.76997, 115.756322, 115.698465, 115.675784, 115.67258, 115.63292, 115.623437, 115.599859, 115.590632, 115.599218, 115.577177, 115.52938, 115.520089, 115.506634, 115.468768, 115.428595, 115.391049, 115.345109, 115.360038, 115.404183, 115.431478, 115.410719, 115.417638, 115.397968, 115.402069, 115.426096, 115.421675, 115.455313, 115.430965, 115.410078, 115.405785, 115.377914, 115.359461, 115.360871, 115.307179, 115.282575, 115.237276, 115.201908, 115.188325, 
115.200563, 115.172756, 115.191593, 115.202934, 115.227858, 115.255088, 115.258356, 115.297376, 115.301412, 115.316853, 115.325567, 115.317046, 115.333768, 115.380989, 115.394316, 115.386179, 115.360294, 115.344468, 115.371635, 115.352349, 115.349722, 115.360166, 115.363049, 115.388614, 115.389831, 115.360294, 115.365484, 115.385795, 115.408668, 115.412769, 115.448585, 115.457555, 115.456017, 115.444997, 115.464219, 115.438205, 115.45134, 115.466782, 115.482992, 115.468063, 115.439871, 115.420522, 
115.383232, 115.364843, 115.346903, 115.342418, 115.35094, 115.323645, 115.324734, 115.34953, 115.356194, 115.369072, 115.393611, 115.383104, 115.381822, 115.402453, 115.420906, 115.462104, 115.478122, 115.495101, 115.494781, 115.516822, 115.516437, 115.547704, 115.550908, 115.575768, 115.57942, 115.590504, 115.644965, 115.650155, 115.699811, 115.705321, 115.734025, 115.738767, 115.783297, 115.804633, 115.841538, 115.850188, 115.833016, 115.837181, 115.864476, 115.856467, 115.871267, 115.899523, 
115.887542, 115.900804, 115.935403, 115.938671, 115.968913, 115.986725, 116.049771, 116.055218, 116.048554, 116.031831, 116.031511, 116.055474, 116.05227, 116.070595, 116.049515, 116.042467, 116.062394, 116.071876, 116.100645, 116.120571, 116.093981, 116.091034, 116.153952, 116.170867, 116.170163, 116.188039, 116.209118, 116.226354, 116.256595, 116.266206, 116.266975, 116.278252, 116.306764, 116.329189, 116.343925, 116.3709, 116.417224, 116.479309, 116.483474, 116.496352, 116.563243, 116.565166, 
116.53377, 116.515382, 116.51346, 116.473415, 116.481424, 116.466623, 116.47303, 116.460664, 116.451182, 116.438367, 116.434331, 116.424784, 116.386533, 116.378909, 116.36539, 116.374936, 116.375192, 116.3281, 116.335916, 116.287863, 116.291386, 116.278444, 116.290233, 116.271781, 116.276458, 116.241346, 116.224431, 116.229878, 116.243076, 116.227379, 116.263067, 116.285236, 116.236028, 116.195471, 116.168817, 116.106539, 116.08751, 116.056179, 116.05195, 116.024527, 116.00947, 115.975897, 115.98461, 
115.968272, 115.976217, 115.964171, 115.969425, 115.953215, 115.940721, 115.912017, 115.904841, 115.911825, 115.879981, 115.885427, 115.864988, 115.853904, 37.059245, 37.106006, 37.123916, 37.14155, 37.209876, 37.257153, 37.258914, 37.275839, 37.277058, 37.297905, 37.301965, 37.312453, 37.332884, 37.316107, 37.326864, 37.353648, 37.368997, 37.382788, 37.387926, 37.42793, 37.448195, 37.461431, 37.462039, 37.469602, 37.476421, 37.487762, 37.497347, 37.51017, 37.506256, 37.495727, 37.501802, 37.506796, 
37.523261, 37.535944, 37.541138, 37.558675, 37.523935, 37.563935, 37.576005, 37.575465, 37.555977, 37.563125, 37.572498, 37.600543, 37.608833, 37.637133, 37.648921, 37.645621, 37.639625, 37.629587, 37.660169, 37.660102, 37.682458, 37.695383, 37.71322, 37.707432, 37.712143, 37.727082, 37.731994, 37.74814, 37.770335, 37.784052, 37.805765, 37.820215, 37.849845, 37.853003, 37.874629, 37.880068, 37.906318, 37.917191, 37.918936, 37.943293, 37.936584, 37.95074, 37.974551, 37.989168, 37.99299, 38.001102, 
38.017323, 38.063554, 38.08398, 38.095161, 38.082038, 38.089671, 38.0886, 38.13793, 38.13967, 38.196254, 38.210493, 38.220586, 38.248184, 38.248117, 38.271764, 38.283451, 38.285588, 38.299076, 38.327578, 38.320103, 38.337922, 38.327311, 38.341658, 38.342993, 38.362006, 38.357337, 38.318168, 38.318168, 38.332917, 38.326377, 38.342859, 38.332784, 38.32611, 38.340791, 38.349932, 38.367543, 38.359205, 38.369544, 38.358338, 38.345462, 38.346062, 38.309423, 38.298008, 38.272499, 38.255266, 38.240901, 38.217579, 
38.20314, 38.171312, 38.158536, 38.167232, 38.144354, 38.138533, 38.125885, 38.146026, 38.131306, 38.11424, 38.100718, 38.082774, 38.071725, 38.052434, 38.041112, 38.038365, 38.026706, 38.005057, 37.980318, 37.948929, 37.948996, 37.922627, 37.910949, 37.914573, 37.933565, 37.959594, 37.968314, 37.966369, 37.95121, 37.965229, 37.961405, 37.981458, 37.962479, 37.979312, 38.008141, 38.017256, 38.018597, 38.009481, 38.011492, 38.02503, 38.013704, 38.01987, 37.980116, 37.907727, 37.892892, 37.863951, 
37.865495, 37.830026, 37.805564, 37.777059, 37.778875, 37.7587, 37.758902, 37.734618, 37.735829, 37.696393, 37.659698, 37.648719, 37.63949, 37.617256, 37.605058, 37.581263, 37.5493, 37.5238, 37.524745, 37.484049, 37.478176, 37.466901, 37.491475, 37.479729, 37.459676, 37.448195, 37.424755, 37.42239, 37.40266, 37.361559, 37.365684, 37.38414, 37.368794, 37.373324, 37.369065, 37.357502, 37.359937, 37.343165, 37.334508, 37.316175, 37.287076, 37.276178, 37.250721, 37.239479, 37.223697, 37.227558, 37.207098, 
37.189344, 37.176195, 37.151992, 37.128731, 37.070785, 37.059245)))"
