date,site,composite_index,grade,AQI,pm2.5,pm10,o3,so2,no2,co
2024/12/22,西宁市,7.68,轻度污染,132,100,122,53,33,68,2
2024/12/22,兰州市,7.28,轻度污染,117,88,121,47,24,78,1.6
2024/12/22,乌鲁木齐市,5.94,轻度污染,113,85,107,49,4,53,1.1
2024/12/22,朔州市,5.74,良,97,52,143,38,40,43,0.9
2024/12/22,达州市,5.64,轻度污染,113,85,108,40,7,42,1
2024/12/22,运城市,5.5,良,92,68,100,50,17,41,2.1
2024/12/22,萍乡市,5.22,良,98,73,106,88,18,22,0.9
2024/12/22,株洲市,5.08,良,93,69,107,60,9,34,0.8
2024/12/22,资阳市,5.04,轻度污染,118,89,104,26,3,24,0.8
2024/12/22,自贡市,4.98,轻度污染,107,80,105,21,5,32,0.7
2024/12/22,平顶山市,4.9,良,83,60,115,56,9,36,0.6
2024/12/22,南宁市,4.84,良,84,62,76,124,11,32,0.9
2024/12/22,洛阳市,4.84,良,82,60,101,44,8,44,0.7
2024/12/22,内江市,4.82,轻度污染,110,83,84,34,7,29,0.8
2024/12/22,泸州市,4.82,轻度污染,103,77,92,33,3,34,0.8
2024/12/22,广安市,4.76,轻度污染,107,80,89,53,3,25,0.8
2024/12/22,宜宾市,4.72,良,100,75,84,48,8,30,0.8
2024/12/22,大同市,4.72,良,70,41,90,36,34,46,1.3
2024/12/22,锦州市,4.66,良,72,52,73,61,26,41,1.2
2024/12/22,南充市,4.55,轻度污染,104,78,92,41,3,22,0.6
2024/12/22,湘潭市,4.51,良,87,64,101,52,7,27,0.5
2024/12/22,渭南市,4.51,良,70,51,89,33,10,46,1
2024/12/22,遂宁市,4.47,良,98,73,86,41,7,26,0.5
2024/12/22,金华市,4.41,良,68,47,79,58,5,54,0.6
2024/12/22,宜春市,4.4,良,77,56,88,75,12,26,0.9
2024/12/22,太原市,4.4,良,65,42,78,37,17,52,1.1
2024/12/22,包头市,4.36,良,65,40,65,36,22,52,1.6
2024/12/22,新乡市,4.34,良,70,51,83,58,8,40,0.8
2024/12/22,长沙市,4.32,良,77,55,103,53,7,27,0.6
2024/12/22,银川市,4.31,良,62,44,72,34,27,43,1.1
2024/12/22,临汾市,4.29,良,67,47,84,45,12,42,0.9
2024/12/22,芜湖市,4.27,良,67,48,78,65,11,40,0.8
2024/12/22,宝鸡市,4.25,良,74,54,79,48,9,38,0.7
2024/12/22,晋城市,4.25,良,62,42,73,53,17,44,1.2
2024/12/22,新余市,4.24,良,77,56,78,74,16,28,0.4
2024/12/22,西安市,4.24,良,68,49,78,28,11,46,0.9
2024/12/22,衢州市,4.22,良,74,54,77,65,7,36,0.6
2024/12/22,绍兴市,4.19,良,68,49,75,43,8,45,0.8
2024/12/22,许昌市,4.17,良,68,46,86,60,6,40,0.6
2024/12/22,咸阳市,4.16,良,65,47,79,38,12,40,1
2024/12/22,重庆市,4.13,良,80,59,75,54,6,30,0.7
2024/12/22,漯河市,4.13,良,72,52,83,62,7,33,0.5
2024/12/22,焦作市,4.09,良,66,45,81,50,10,39,0.7
2024/12/22,临沂市,4.04,良,65,35,64,57,16,52,0.8
2024/12/22,沈阳市,4.02,良,59,38,65,46,17,47,1
2024/12/22,宣城市,4.01,良,70,51,72,62,6,34,0.7
2024/12/22,肇庆市,4,良,67,45,64,120,9,30,0.6
2024/12/22,淮南市,3.99,良,67,48,82,60,10,30,0.6
2024/12/22,聊城市,3.98,良,58,41,64,67,11,44,0.8
2024/12/22,蚌埠市,3.97,良,63,45,75,52,10,40,0.5
2024/12/22,佛山市,3.96,良,59,41,61,110,10,35,0.7
2024/12/22,珠海市,3.94,良,70,40,65,123,9,32,0.6
2024/12/22,江门市,3.92,良,60,40,62,112,8,35,0.7
2024/12/22,襄阳市,3.91,良,66,42,81,56,10,35,0.6
2024/12/22,徐州市,3.91,良,60,38,69,56,11,45,0.7
2024/12/22,铜川市,3.9,良,60,43,66,42,15,41,0.8
2024/12/22,中山市,3.9,良,60,41,60,112,7,36,0.6
2024/12/22,益阳市,3.88,良,82,60,78,62,4,19,0.5
2024/12/22,鄂州市,3.88,良,67,48,76,49,11,30,0.7
2024/12/22,德州市,3.88,良,60,35,61,66,12,48,0.8
2024/12/22,淄博市,3.88,良,62,30,62,59,19,49,0.9
2024/12/22,宁波市,3.87,良,64,46,71,43,8,38,0.8
2024/12/22,淮安市,3.87,良,57,40,64,62,8,45,0.7
2024/12/22,宿州市,3.86,良,61,40,72,62,8,41,0.6
2024/12/22,咸宁市,3.85,良,68,49,80,60,6,26,0.7
2024/12/22,南阳市,3.84,良,67,48,81,62,7,26,0.6
2024/12/22,枣庄市,3.79,良,60,35,69,61,9,45,0.6
2024/12/22,杭州市,3.77,良,62,44,66,45,8,39,0.7
2024/12/22,黄石市,3.75,良,64,46,71,61,12,26,0.8
2024/12/22,南昌市,3.75,良,65,44,80,56,11,28,0.5
2024/12/22,马鞍山市,3.75,良,59,42,66,65,7,35,0.8
2024/12/22,广州市,3.75,良,60,42,62,112,8,27,0.6
2024/12/22,宜昌市,3.73,良,64,46,72,62,8,29,0.6
2024/12/22,黄冈市,3.73,良,64,46,72,50,11,28,0.8
2024/12/22,东莞市,3.73,良,65,37,58,117,9,31,0.7
2024/12/22,济宁市,3.73,良,59,33,62,57,11,47,0.7
2024/12/22,葫芦岛市,3.73,良,54,30,50,60,30,43,0.8
2024/12/22,淮北市,3.72,良,62,41,74,54,8,36,0.5
2024/12/22,滨州市,3.72,良,55,35,58,58,17,44,0.6
2024/12/22,丽水市,3.71,良,64,46,63,81,7,29,0.6
2024/12/22,开封市,3.71,良,58,38,66,62,4,44,0.5
2024/12/22,晋中市,3.7,良,60,34,70,45,12,42,0.8
2024/12/22,池州市,3.68,良,64,46,73,55,7,30,0.5
2024/12/22,阳泉市,3.67,良,55,27,59,61,26,42,0.8
2024/12/22,岳阳市,3.65,良,63,45,74,48,10,27,0.6
2024/12/22,扬州市,3.65,良,59,42,62,63,3,37,0.8
2024/12/22,郑州市,3.65,良,59,36,67,44,5,46,0.6
2024/12/22,吕梁市,3.65,良,68,30,86,33,7,42,0.7
2024/12/22,铜陵市,3.64,良,59,42,66,68,5,34,0.6
2024/12/22,沧州市,3.64,良,65,35,53,49,7,52,0.6
2024/12/22,阜阳市,3.61,良,60,43,70,57,9,30,0.5
2024/12/22,贵阳市,3.59,良,73,53,59,61,6,23,0.7
2024/12/22,深圳市,3.59,良,64,36,60,116,8,28,0.6
2024/12/22,湖州市,3.57,良,57,40,61,55,9,37,0.6
2024/12/22,镇江市,3.56,良,56,39,62,66,7,35,0.6
2024/12/22,周口市,3.55,良,59,42,64,63,6,34,0.4
2024/12/22,长治市,3.54,良,54,32,58,53,20,37,0.9
2024/12/22,温州市,3.52,良,59,42,61,84,8,27,0.5
2024/12/22,常州市,3.52,良,54,38,58,67,8,36,0.6
2024/12/22,常德市,3.51,良,68,49,80,62,5,14,0.6
2024/12/22,合肥市,3.51,良,58,35,66,56,7,38,0.6
2024/12/22,潍坊市,3.5,良,53,28,56,64,15,42,0.8
2024/12/22,黄山市,3.48,良,64,46,70,70,9,19,0.4
2024/12/22,南京市,3.48,良,56,37,62,59,7,37,0.5
2024/12/22,荆门市,3.45,良,62,39,73,60,13,23,0.5
2024/12/22,安阳市,3.45,良,58,37,65,61,8,30,0.8
2024/12/22,东营市,3.45,良,57,29,51,62,12,45,0.7
2024/12/22,厦门市,3.44,良,64,40,68,116,4,17,0.5
2024/12/22,保定市,3.44,良,55,36,58,50,4,44,0.4
2024/12/22,武汉市,3.43,良,58,41,58,53,13,28,0.7
2024/12/22,忻州市,3.42,良,54,33,58,44,9,41,0.8
2024/12/22,日照市,3.41,良,57,26,54,60,11,45,0.9
2024/12/22,衡水市,3.4,良,52,34,54,60,11,38,0.6
2024/12/22,三门峡市,3.39,良,57,37,63,53,12,29,0.7
2024/12/22,青岛市,3.38,良,54,27,52,58,14,43,0.8
2024/12/22,连云港市,3.37,良,53,29,55,47,14,42,0.7
2024/12/22,鹤壁市,3.36,良,61,40,72,55,4,27,0.4
2024/12/22,宿迁市,3.35,良,52,34,54,64,5,38,0.7
2024/12/22,商丘市,3.34,良,52,36,54,66,5,36,0.6
2024/12/22,盐城市,3.34,良,54,33,58,70,6,35,0.6
2024/12/22,驻马店市,3.33,良,61,38,71,64,8,24,0.4
2024/12/22,惠州市,3.33,良,59,37,56,110,11,18,0.6
2024/12/22,菏泽市,3.33,良,56,33,62,71,7,33,0.5
2024/12/22,荆州市,3.32,良,63,45,62,64,6,21,0.5
2024/12/22,哈尔滨市,3.3,良,55,39,51,49,9,34,0.6
2024/12/22,台州市,3.28,良,57,40,61,73,5,23,0.6
2024/12/22,长春市,3.28,优,48,33,47,52,15,38,0.6
2024/12/22,信阳市,3.27,良,57,40,64,67,5,24,0.5
2024/12/22,安庆市,3.26,良,57,36,64,56,10,28,0.4
2024/12/22,孝感市,3.25,良,57,36,64,58,9,26,0.6
2024/12/22,嘉兴市,3.25,良,54,34,58,56,8,33,0.6
2024/12/22,济南市,3.25,良,57,22,51,63,12,45,0.7
2024/12/22,乐山市,3.24,良,69,50,56,23,4,24,0.8
2024/12/22,泰州市,3.23,良,51,35,51,72,7,31,0.6
2024/12/22,邯郸市,3.23,良,54,28,57,62,9,35,0.8
2024/12/22,呼和浩特市,3.23,良,64,25,42,43,10,51,0.8
2024/12/22,濮阳市,3.21,良,56,29,61,66,3,36,0.6
2024/12/22,福州市,3.18,良,59,40,50,110,4,18,0.5
2024/12/22,泰安市,3.16,良,57,26,51,48,7,45,0.6
2024/12/22,滁州市,3.1,良,55,34,59,66,7,27,0.3
2024/12/22,六安市,3.07,良,55,31,60,54,5,30,0.6
2024/12/22,亳州市,3.06,良,55,33,60,61,5,29,0.3
2024/12/22,苏州市,3.05,优,50,31,50,60,7,30,0.8
2024/12/22,九江市,3.04,良,54,33,58,56,9,25,0.6
2024/12/22,上海,3.04,优,46,32,46,55,8,33,0.7
2024/12/22,无锡市,3.04,良,51,29,51,59,8,32,0.7
2024/12/22,德阳市,3.03,良,65,47,53,36,2,20,0.7
2024/12/22,秦皇岛市,3.03,良,55,25,45,51,5,44,0.7
2024/12/22,眉山市,2.94,良,58,41,44,23,4,31,0.6
2024/12/22,海口市,2.9,良,85,27,47,142,7,14,0.4
2024/12/22,成都市,2.84,良,57,40,50,25,2,25,0.7
2024/12/22,随州市,2.83,优,47,32,47,62,8,23,0.6
2024/12/22,石家庄市,2.79,优,47,22,47,54,9,35,0.5
2024/12/22,绵阳市,2.73,良,57,40,44,41,4,18,0.7
2024/12/22,邢台市,2.7,优,50,22,50,61,6,28,0.7
2024/12/22,朝阳市,2.69,优,39,23,39,60,13,25,1
2024/12/22,唐山市,2.59,优,44,20,39,58,6,35,0.5
2024/12/22,南通市,2.53,优,44,28,44,67,5,18,0.6
2024/12/22,天津,2.43,优,43,18,38,57,4,34,0.4
2024/12/22,拉萨市,2.38,优,44,15,24,88,8,30,0.7
2024/12/22,舟山市,2.29,优,37,24,37,60,7,17,0.6
2024/12/22,雅安市,2.24,优,40,28,30,42,5,22,0.5
2024/12/22,廊坊市,2.2,优,45,14,27,54,4,36,0.4
2024/12/22,承德市,2.14,优,38,17,38,55,4,24,0.4
2024/12/22,大连市,2.1,优,36,13,27,71,10,22,0.7
2024/12/22,北京,1.99,优,37,14,29,50,3,29,0.4
2024/12/22,昆明市,1.8,优,40,15,21,80,8,13,0.5
2024/12/22,张家口市,1.52,优,34,12,20,68,4,13,0.3
2024/12/23,西宁市,6.77,轻度污染,127,96,113,56,22,53,1.5
2024/12/23,运城市,6.44,轻度污染,117,88,129,58,18,43,1.4
2024/12/23,朔州市,6.4,轻度污染,103,62,156,27,44,50,1
2024/12/23,兰州市,6.35,轻度污染,107,80,109,49,22,61,1.2
2024/12/23,临汾市,6.28,良,100,75,122,39,23,56,1.5
2024/12/23,洛阳市,6.18,轻度污染,110,83,126,58,11,50,0.9
2024/12/23,郑州市,5.86,轻度污染,102,76,109,45,10,59,0.8
2024/12/23,临沂市,5.86,良,87,63,101,51,20,69,1
2024/12/23,咸阳市,5.76,轻度污染,104,78,110,58,10,46,1.1
2024/12/23,三门峡市,5.69,良,100,75,105,43,15,50,1.1
2024/12/23,新乡市,5.64,良,97,72,105,41,9,57,1
2024/12/23,南宁市,5.59,良,97,72,92,123,13,39,1
2024/12/23,徐州市,5.57,良,85,63,102,46,13,62,1
2024/12/23,铜川市,5.55,良,95,71,97,53,18,49,1.1
2024/12/23,枣庄市,5.49,良,89,66,104,62,13,51,0.9
2024/12/23,大同市,5.41,良,78,52,106,36,33,49,1.7
2024/12/23,萍乡市,5.36,良,99,74,106,63,20,32,0.9
2024/12/23,开封市,5.36,良,95,71,99,60,4,53,0.6
2024/12/23,安阳市,5.34,良,92,68,99,52,10,48,1.2
2024/12/23,焦作市,5.31,良,90,67,101,46,16,46,1
2024/12/23,渭南市,5.31,良,88,65,103,45,8,53,1
2024/12/23,邯郸市,5.28,良,83,61,98,44,13,53,1.3
2024/12/23,聊城市,5.25,良,84,62,90,67,12,54,0.9
2024/12/23,淮北市,5.23,良,92,68,104,54,8,47,0.6
2024/12/23,银川市,5.23,良,75,52,100,31,28,54,1.2
2024/12/23,淄博市,5.22,良,73,51,89,55,23,58,1.3
2024/12/23,宿州市,5.19,良,90,67,99,62,9,46,0.7
2024/12/23,西安市,5.15,良,89,66,93,49,11,49,0.9
2024/12/23,潍坊市,5.15,良,77,56,86,61,16,57,1
2024/12/23,阜阳市,5.09,良,98,73,100,49,8,38,0.7
2024/12/23,青岛市,5.09,良,75,53,83,57,17,60,1
2024/12/23,济宁市,5.07,良,77,56,85,62,14,57,0.9
2024/12/23,邢台市,5.05,良,79,58,95,44,10,51,1.2
2024/12/23,宝鸡市,5.01,良,89,66,88,43,13,46,0.9
2024/12/23,德州市,5,良,75,55,83,66,14,56,0.8
2024/12/23,平顶山市,4.95,良,89,66,107,66,9,33,0.6
2024/12/23,太原市,4.94,良,73,47,92,32,19,58,1.3
2024/12/23,日照市,4.93,良,70,51,87,52,14,55,1.2
2024/12/23,淮南市,4.91,良,92,68,100,57,9,34,0.7
2024/12/23,晋城市,4.88,良,73,53,81,57,18,46,1.6
2024/12/23,江门市,4.84,良,73,53,80,89,9,51,0.8
2024/12/23,资阳市,4.82,轻度污染,110,83,99,42,2,22,0.8
2024/12/23,金华市,4.82,良,80,54,89,22,4,64,0.8
2024/12/23,滨州市,4.81,良,72,52,78,65,16,54,0.7
2024/12/23,鹤壁市,4.76,良,85,63,98,47,7,40,0.6
2024/12/23,淮安市,4.74,良,74,54,81,56,8,55,0.7
2024/12/23,池州市,4.72,良,90,67,92,38,8,38,0.7
2024/12/23,商丘市,4.69,良,82,60,76,61,8,48,0.7
2024/12/23,忻州市,4.69,良,77,56,91,34,9,47,1
2024/12/23,蚌埠市,4.66,良,82,60,86,56,9,44,0.5
2024/12/23,包头市,4.62,良,75,38,72,32,25,60,1.5
2024/12/23,绍兴市,4.61,良,75,53,83,14,7,60,0.8
2024/12/23,沧州市,4.6,良,73,53,80,48,8,53,0.8
2024/12/23,周口市,4.59,良,85,63,83,64,8,37,0.6
2024/12/23,六安市,4.57,良,77,56,85,44,6,47,0.8
2024/12/23,驻马店市,4.56,良,82,60,96,66,9,32,0.5
2024/12/23,东营市,4.56,良,70,45,73,66,12,56,0.9
2024/12/23,襄阳市,4.55,良,70,51,82,71,21,38,0.7
2024/12/23,佛山市,4.54,良,68,49,72,101,11,44,0.8
2024/12/23,天津,4.54,良,77,45,77,42,9,61,0.9
2024/12/23,杭州市,4.53,良,79,50,76,16,8,63,0.8
2024/12/23,菏泽市,4.52,良,73,53,82,77,8,43,0.6
2024/12/23,许昌市,4.51,良,79,58,83,67,7,40,0.5
2024/12/23,安庆市,4.47,良,85,63,85,42,10,35,0.6
2024/12/23,咸宁市,4.47,良,80,59,86,49,6,37,0.9
2024/12/23,漯河市,4.46,良,82,60,87,68,10,32,0.5
2024/12/23,株洲市,4.45,良,78,57,97,32,8,37,0.7
2024/12/23,亳州市,4.45,良,77,56,89,63,9,37,0.5
2024/12/23,保定市,4.45,良,70,51,80,40,6,54,0.6
2024/12/23,达州市,4.43,良,77,56,78,45,7,45,0.8
2024/12/23,珠海市,4.43,良,65,47,79,90,10,43,0.6
2024/12/23,吕梁市,4.42,良,83,39,116,22,8,48,0.7
2024/12/23,衡水市,4.4,良,72,52,72,60,12,46,0.6
2024/12/23,中山市,4.39,良,67,48,74,77,8,48,0.6
2024/12/23,晋中市,4.37,良,69,42,88,30,13,50,1
2024/12/23,葫芦岛市,4.35,良,56,37,61,66,38,44,1.1
2024/12/23,肇庆市,4.34,良,67,48,70,120,9,37,0.6
2024/12/23,信阳市,4.32,良,84,62,82,69,6,28,0.6
2024/12/23,南昌市,4.32,良,79,58,84,49,11,33,0.6
2024/12/23,南阳市,4.31,良,75,55,84,72,7,33,0.6
2024/12/23,孝感市,4.3,良,75,55,82,61,9,34,0.7
2024/12/23,济南市,4.3,良,68,39,74,53,14,54,0.9
2024/12/23,广州市,4.28,良,68,49,74,103,9,34,0.7
2024/12/23,阳泉市,4.27,良,63,36,72,46,25,50,1
2024/12/23,泰安市,4.26,良,63,44,72,48,10,50,1
2024/12/23,内江市,4.25,良,95,71,70,54,6,24,0.7
2024/12/23,宿迁市,4.24,良,69,50,69,66,5,46,0.7
2024/12/23,连云港市,4.24,良,63,44,68,57,13,50,0.7
2024/12/23,广安市,4.23,良,90,67,78,62,4,22,0.8
2024/12/23,哈尔滨市,4.21,良,74,54,68,53,10,40,0.8
2024/12/23,湘潭市,4.19,良,82,60,90,40,7,28,0.5
2024/12/23,岳阳市,4.19,良,74,54,76,60,11,33,0.7
2024/12/23,芜湖市,4.17,良,67,48,75,41,10,44,0.8
2024/12/23,九江市,4.13,良,77,56,77,48,9,31,0.8
2024/12/23,长治市,4.13,良,60,41,69,52,23,38,1.3
2024/12/23,衢州市,4.1,良,74,54,76,43,6,38,0.6
2024/12/23,宜春市,4.07,良,68,49,79,51,12,32,0.9
2024/12/23,濮阳市,4.07,良,65,45,80,64,4,41,0.6
2024/12/23,铜陵市,4.06,良,72,52,76,38,5,39,0.7
2024/12/23,合肥市,4.03,良,67,48,72,47,7,41,0.8
2024/12/23,长沙市,4.01,良,74,54,90,37,6,28,0.6
2024/12/23,南充市,3.99,良,90,67,81,37,3,21,0.5
2024/12/23,宣城市,3.99,良,67,48,70,36,7,43,0.8
2024/12/23,绵阳市,3.98,良,87,64,75,44,4,22,0.7
2024/12/23,深圳市,3.98,良,62,44,71,89,9,33,0.7
2024/12/23,遂宁市,3.95,良,84,62,75,43,7,24,0.5
2024/12/23,黄石市,3.94,良,67,48,72,48,13,33,0.8
2024/12/23,唐山市,3.93,良,67,34,64,53,12,53,0.8
2024/12/23,丽水市,3.92,良,70,51,67,32,6,41,0.7
2024/12/23,东莞市,3.92,良,60,43,66,99,10,31,0.7
2024/12/23,武汉市,3.91,良,68,49,57,56,10,40,0.7
2024/12/23,盐城市,3.91,良,58,40,64,65,7,46,0.7
2024/12/23,益阳市,3.89,良,80,59,73,57,6,22,0.6
2024/12/23,朝阳市,3.87,良,58,41,61,62,13,36,1.3
2024/12/23,随州市,3.83,良,64,46,63,78,9,32,0.7
2024/12/23,自贡市,3.8,良,74,54,79,45,5,25,0.6
2024/12/23,扬州市,3.8,良,62,44,63,49,8,40,0.8
2024/12/23,重庆市,3.79,良,68,49,64,60,7,32,0.7
2024/12/23,锦州市,3.78,良,54,38,55,69,19,36,1
2024/12/23,石家庄市,3.75,良,60,35,66,34,12,48,0.8
2024/12/23,宜昌市,3.74,良,63,45,66,73,7,31,0.6
2024/12/23,宁波市,3.74,良,63,38,64,28,8,50,0.7
2024/12/23,鄂州市,3.73,良,63,45,65,57,9,32,0.8
2024/12/23,新余市,3.72,良,63,45,65,51,17,32,0.4
2024/12/23,镇江市,3.69,良,58,41,64,47,9,41,0.6
2024/12/23,泰州市,3.67,良,58,41,60,53,9,39,0.7
2024/12/23,荆门市,3.66,良,60,42,70,79,12,25,0.6
2024/12/23,惠州市,3.65,良,62,44,67,93,11,21,0.6
2024/12/23,眉山市,3.63,良,82,60,60,26,4,26,0.7
2024/12/23,南京市,3.62,良,56,38,62,44,8,43,0.6
2024/12/23,德阳市,3.6,良,84,62,65,36,2,20,0.6
2024/12/23,常州市,3.59,良,55,38,59,39,10,44,0.6
2024/12/23,呼和浩特市,3.58,良,70,26,55,44,9,56,0.9
2024/12/23,贵阳市,3.57,良,69,50,58,46,10,26,0.8
2024/12/23,黄冈市,3.57,良,62,44,63,57,9,29,0.7
2024/12/23,马鞍山市,3.55,良,58,41,61,50,6,36,0.8
2024/12/23,秦皇岛市,3.53,良,62,31,51,62,7,49,0.7
2024/12/23,荆州市,3.46,良,62,44,59,75,7,26,0.5
2024/12/23,滁州市,3.44,良,60,43,59,63,8,30,0.4
2024/12/23,乌鲁木齐市,3.42,良,55,38,48,49,3,44,0.7
2024/12/23,长春市,3.42,良,52,36,49,56,11,39,0.7
2024/12/23,宜宾市,3.39,良,65,47,54,53,9,24,0.8
2024/12/23,泸州市,3.38,良,67,48,61,58,3,23,0.6
2024/12/23,承德市,3.37,良,57,31,64,43,6,40,0.8
2024/12/23,湖州市,3.36,良,62,32,51,35,8,49,0.6
2024/12/23,海口市,3.35,良,72,36,58,126,8,18,0.5
2024/12/23,嘉兴市,3.35,良,59,32,55,30,8,47,0.6
2024/12/23,常德市,3.34,良,64,46,68,68,4,18,0.5
2024/12/23,沈阳市,3.33,优,50,31,50,53,15,38,0.8
2024/12/23,黄山市,3.31,良,60,43,65,60,8,21,0.5
2024/12/23,无锡市,3.2,良,57,27,51,37,8,45,0.9
2024/12/23,廊坊市,3.19,良,64,24,44,64,4,51,0.5
2024/12/23,乐山市,3.1,良,68,49,56,21,4,20,0.8
2024/12/23,苏州市,3.03,优,50,28,48,39,7,40,0.7
2024/12/23,温州市,2.95,优,44,28,44,64,7,35,0.5
2024/12/23,拉萨市,2.95,优,47,21,35,78,13,37,0.9
2024/12/23,台州市,2.76,优,48,32,48,46,3,28,0.5
2024/12/23,成都市,2.71,良,55,39,48,24,2,22,0.7
2024/12/23,北京,2.71,优,50,21,42,50,3,40,0.6
2024/12/23,上海,2.57,优,43,20,36,57,8,34,0.6
2024/12/23,大连市,2.53,优,36,21,36,70,11,24,0.8
2024/12/23,南通市,2.52,优,42,26,42,59,5,23,0.6
2024/12/23,昆明市,2.41,优,39,19,31,78,10,25,0.6
2024/12/23,雅安市,2.25,优,39,27,31,30,5,25,0.6
2024/12/23,福州市,1.96,优,41,14,30,82,3,18,0.5
2024/12/23,厦门市,1.83,优,39,15,29,77,2,15,0.4
2024/12/23,张家口市,1.74,优,32,14,26,64,4,16,0.4
2024/12/23,舟山市,1.63,优,32,11,23,64,7,14,0.5
2024/12/24,新乡市,8.04,中度污染,155,118,157,23,14,67,1.5
2024/12/24,临汾市,8.03,轻度污染,145,111,171,22,14,62,2
2024/12/24,淄博市,7.83,轻度污染,125,95,146,25,30,77,1.8
2024/12/24,运城市,7.71,中度污染,152,116,158,30,13,54,1.5
2024/12/24,郑州市,7.53,轻度污染,144,110,144,46,10,65,1
2024/12/24,安阳市,7.51,轻度污染,148,113,146,23,11,61,1.4
2024/12/24,焦作市,7.23,轻度污染,133,101,142,28,18,58,1.5
2024/12/24,临沂市,7.14,轻度污染,117,88,125,47,23,74,1.3
2024/12/24,滨州市,7.09,轻度污染,119,90,128,21,18,79,1.1
2024/12/24,鹤壁市,7.06,轻度污染,140,107,149,19,9,53,1.1
2024/12/24,开封市,7.05,轻度污染,143,109,136,48,6,57,0.7
2024/12/24,邯郸市,7,轻度污染,127,96,138,31,12,61,1.5
2024/12/24,三门峡市,6.97,轻度污染,134,102,138,15,14,58,1.3
2024/12/24,洛阳市,6.96,轻度污染,135,103,143,43,11,50,1.1
2024/12/24,许昌市,6.92,轻度污染,135,103,141,52,8,52,0.9
2024/12/24,东营市,6.89,轻度污染,108,81,119,38,22,78,1.3
2024/12/24,徐州市,6.85,轻度污染,114,86,124,65,14,68,1.1
2024/12/24,聊城市,6.83,轻度污染,122,92,125,40,14,66,1.1
2024/12/24,枣庄市,6.76,轻度污染,120,91,128,61,13,59,1
2024/12/24,阜阳市,6.7,轻度污染,128,97,125,79,9,52,0.8
2024/12/24,平顶山市,6.65,轻度污染,127,96,142,78,10,41,0.8
2024/12/24,漯河市,6.64,轻度污染,133,101,129,77,10,43,0.7
2024/12/24,晋中市,6.63,良,99,74,135,37,26,62,1.5
2024/12/24,德州市,6.61,轻度污染,114,86,124,37,15,66,1
2024/12/24,铜川市,6.52,轻度污染,122,92,118,59,18,51,1
2024/12/24,太原市,6.49,良,98,73,126,29,25,66,1.4
2024/12/24,保定市,6.47,轻度污染,115,87,124,43,10,62,0.9
2024/12/24,西宁市,6.42,轻度污染,118,89,103,47,24,53,1.6
2024/12/24,邢台市,6.42,轻度污染,117,88,128,17,10,58,1.4
2024/12/24,萍乡市,6.35,轻度污染,119,90,122,67,19,40,1.2
2024/12/24,宿州市,6.24,轻度污染,112,84,115,79,10,53,0.9
2024/12/24,宿迁市,6.24,轻度污染,112,84,110,62,11,58,1
2024/12/24,商丘市,6.23,轻度污染,119,90,106,76,7,52,1
2024/12/24,周口市,6.2,轻度污染,122,92,110,78,8,47,0.8
2024/12/24,济宁市,6.19,轻度污染,104,78,111,57,14,60,1.1
2024/12/24,菏泽市,6.16,轻度污染,110,83,124,75,9,48,0.8
2024/12/24,天津,6.16,良,94,70,115,40,10,72,1.2
2024/12/24,淮北市,6.05,轻度污染,114,86,119,69,8,46,0.7
2024/12/24,济南市,5.97,良,90,67,113,35,17,66,1.2
2024/12/24,沧州市,5.95,轻度污染,103,77,106,51,10,60,1
2024/12/24,淮南市,5.94,轻度污染,115,87,118,78,10,37,0.7
2024/12/24,忻州市,5.94,轻度污染,103,77,116,25,13,55,1.3
2024/12/24,唐山市,5.91,良,92,62,104,31,19,73,1.3
2024/12/24,蚌埠市,5.87,轻度污染,109,82,110,62,10,50,0.6
2024/12/24,衡水市,5.85,轻度污染,102,76,104,49,14,58,0.8
2024/12/24,淮安市,5.83,良,100,75,102,66,10,58,0.8
2024/12/24,廊坊市,5.82,良,94,70,102,44,9,67,1
2024/12/24,亳州市,5.8,轻度污染,105,79,116,72,9,44,0.7
2024/12/24,兰州市,5.77,良,92,68,99,56,19,58,1.2
2024/12/24,泰安市,5.75,良,95,71,107,46,13,56,1.1
2024/12/24,池州市,5.74,轻度污染,109,82,110,53,8,46,0.9
2024/12/24,孝感市,5.73,轻度污染,105,79,105,84,9,44,0.8
2024/12/24,株洲市,5.72,轻度污染,107,80,116,48,9,44,0.9
2024/12/24,六安市,5.66,轻度污染,103,77,106,76,4,47,0.9
2024/12/24,渭南市,5.66,良,99,74,118,48,7,49,0.9
2024/12/24,阳泉市,5.65,良,75,55,100,51,32,58,1.4
2024/12/24,濮阳市,5.6,轻度污染,107,80,113,52,6,44,0.7
2024/12/24,驻马店市,5.59,轻度污染,105,79,116,87,8,34,0.6
2024/12/24,南阳市,5.59,轻度污染,104,78,115,80,7,37,0.7
2024/12/24,乌鲁木齐市,5.55,轻度污染,110,83,104,36,4,46,1
2024/12/24,长沙市,5.55,轻度污染,109,82,117,51,7,36,0.8
2024/12/24,咸阳市,5.55,良,92,68,126,77,8,40,0.8
2024/12/24,石家庄市,5.53,良,88,65,105,27,15,58,1.2
2024/12/24,信阳市,5.51,轻度污染,110,83,98,90,5,36,0.8
2024/12/24,九江市,5.51,良,93,69,95,70,10,53,1
2024/12/24,晋城市,5.49,良,87,64,91,40,17,55,1.8
2024/12/24,鄂州市,5.47,良,94,70,95,69,9,51,1
2024/12/24,银川市,5.47,良,88,58,126,61,14,46,1
2024/12/24,岳阳市,5.45,良,100,75,94,78,11,43,0.9
2024/12/24,芜湖市,5.45,良,90,67,99,49,12,56,0.9
2024/12/24,长治市,5.45,良,89,66,91,42,24,48,1.6
2024/12/24,安庆市,5.44,良,99,74,100,69,10,44,0.8
2024/12/24,潍坊市,5.44,良,87,64,94,49,14,58,1.1
2024/12/24,南昌市,5.43,良,99,74,104,75,11,40,0.7
2024/12/24,湘潭市,5.42,轻度污染,113,85,106,60,7,32,0.7
2024/12/24,襄阳市,5.41,良,90,67,102,74,15,46,0.7
2024/12/24,朔州市,5.4,良,90,45,130,51,32,46,1
2024/12/24,葫芦岛市,5.39,良,75,55,90,44,32,56,1.3
2024/12/24,宣城市,5.34,良,97,72,96,44,8,50,1
2024/12/24,常德市,5.32,轻度污染,110,83,106,60,8,30,0.7
2024/12/24,锦州市,5.29,良,82,60,85,39,26,55,1.3
2024/12/24,达州市,5.27,良,99,74,99,30,8,47,1
2024/12/24,南宁市,5.26,良,92,68,87,113,13,36,1
2024/12/24,吕梁市,5.25,良,96,56,141,15,10,47,0.8
2024/12/24,朝阳市,5.21,良,84,62,93,34,18,45,1.9
2024/12/24,大同市,5.19,良,78,48,106,47,29,45,1.7
2024/12/24,荆州市,5.18,良,98,73,83,88,6,44,0.6
2024/12/24,黄冈市,5.15,良,88,65,90,74,10,46,0.9
2024/12/24,西安市,5.15,良,85,63,108,68,8,43,0.7
2024/12/24,合肥市,5.09,良,80,59,88,70,6,56,0.8
2024/12/24,益阳市,5.07,轻度污染,105,79,93,65,4,32,0.8
2024/12/24,武汉市,5.06,良,88,65,73,66,9,56,0.8
2024/12/24,连云港市,5.06,良,80,59,87,62,13,53,0.8
2024/12/24,金华市,5.05,良,89,54,88,30,6,71,0.7
2024/12/24,铜陵市,5,良,84,62,96,55,6,49,0.8
2024/12/24,随州市,5,良,84,62,81,80,10,47,0.9
2024/12/24,常州市,4.95,良,78,57,82,60,12,54,0.9
2024/12/24,扬州市,4.93,良,78,57,78,69,7,57,0.9
2024/12/24,咸宁市,4.91,良,93,69,90,82,4,33,1
2024/12/24,黄石市,4.9,良,85,63,83,74,15,38,1
2024/12/24,马鞍山市,4.88,良,77,56,84,58,7,54,1
2024/12/24,衢州市,4.86,良,80,59,87,37,7,56,0.7
2024/12/24,秦皇岛市,4.84,良,80,47,83,38,10,64,1.2
2024/12/24,盐城市,4.77,良,80,59,83,79,7,43,0.8
2024/12/24,泸州市,4.76,轻度污染,105,79,100,40,3,25,0.6
2024/12/24,重庆市,4.76,良,94,70,89,36,7,38,0.8
2024/12/24,荆门市,4.74,良,82,60,86,94,11,34,0.7
2024/12/24,宝鸡市,4.73,良,85,63,90,66,8,37,0.7
2024/12/24,新余市,4.69,良,87,64,79,87,19,29,0.6
2024/12/24,镇江市,4.69,良,73,53,79,59,9,54,0.7
2024/12/24,广安市,4.65,轻度污染,103,77,86,38,5,28,0.8
2024/12/24,滁州市,4.65,良,75,55,76,78,8,49,0.6
2024/12/24,包头市,4.56,良,75,37,100,54,16,47,1.1
2024/12/24,泰州市,4.53,良,77,56,76,81,10,39,0.7
2024/12/24,宜昌市,4.51,良,82,60,78,84,7,36,0.6
2024/12/24,江门市,4.51,良,67,48,77,94,9,45,0.7
2024/12/24,中山市,4.45,良,69,50,74,90,7,44,0.7
2024/12/24,无锡市,4.44,良,70,43,72,60,9,56,1
2024/12/24,佛山市,4.43,良,67,48,73,99,12,40,0.8
2024/12/24,珠海市,4.42,良,67,48,78,103,10,39,0.6
2024/12/24,日照市,4.41,良,63,45,70,67,14,46,1.3
2024/12/24,宜春市,4.37,良,72,52,81,75,11,33,1
2024/12/24,沈阳市,4.34,良,64,46,74,41,16,45,1.3
2024/12/24,内江市,4.33,良,97,72,72,45,6,27,0.7
2024/12/24,呼和浩特市,4.32,良,71,44,92,43,11,44,0.8
2024/12/24,湖州市,4.3,良,65,47,71,62,8,50,0.7
2024/12/24,宜宾市,4.29,良,89,66,76,45,8,28,0.8
2024/12/24,北京,4.29,良,74,45,78,21,5,59,0.8
2024/12/24,南京市,4.23,良,65,47,71,61,7,48,0.7
2024/12/24,自贡市,4.21,良,84,62,90,43,5,26,0.6
2024/12/24,杭州市,4.19,良,65,45,67,53,8,52,0.7
2024/12/24,德阳市,4.16,良,82,60,70,54,2,36,0.7
2024/12/24,广州市,4.16,良,65,47,71,101,9,34,0.7
2024/12/24,肇庆市,4.15,良,67,48,70,116,8,31,0.6
2024/12/24,丽水市,4.14,良,73,53,71,71,5,37,0.7
2024/12/24,承德市,4.06,良,66,44,82,22,8,43,1.1
2024/12/24,东莞市,4.04,良,60,43,66,100,9,36,0.8
2024/12/24,苏州市,3.92,良,62,39,62,61,7,49,0.8
2024/12/24,南充市,3.91,良,84,62,75,45,3,25,0.5
2024/12/24,深圳市,3.91,良,60,43,68,100,8,31,0.7
2024/12/24,资阳市,3.82,良,79,58,70,50,2,25,0.8
2024/12/24,绵阳市,3.8,良,68,49,62,62,4,34,0.8
2024/12/24,绍兴市,3.79,良,57,38,62,63,7,45,0.7
2024/12/24,遂宁市,3.76,良,78,57,67,40,7,27,0.5
2024/12/24,青岛市,3.76,良,58,35,56,63,12,46,0.9
2024/12/24,惠州市,3.69,良,62,44,67,95,11,22,0.6
2024/12/24,南通市,3.66,良,62,44,61,76,6,30,0.8
2024/12/24,海口市,3.56,良,85,39,60,142,8,17,0.6
2024/12/24,贵阳市,3.55,良,72,52,61,42,8,25,0.7
2024/12/24,嘉兴市,3.42,良,53,35,56,67,8,38,0.5
2024/12/24,黄山市,3.4,良,65,47,66,68,7,19,0.4
2024/12/24,宁波市,3.38,良,55,28,52,73,8,44,0.6
2024/12/24,眉山市,3.37,良,67,48,52,47,4,29,0.7
2024/12/24,成都市,3.35,良,63,45,57,51,2,30,0.6
2024/12/24,哈尔滨市,3.32,良,57,40,56,48,9,30,0.7
2024/12/24,上海,3.24,良,53,29,47,65,8,42,0.6
2024/12/24,温州市,2.96,优,44,27,44,78,7,34,0.4
2024/12/24,大连市,2.93,优,43,30,43,61,12,28,0.7
2024/12/24,拉萨市,2.83,优,47,21,36,93,7,32,0.9
2024/12/24,台州市,2.79,优,44,28,44,78,4,28,0.4
2024/12/24,张家口市,2.72,优,49,29,49,51,6,25,0.6
2024/12/24,长春市,2.71,优,41,23,41,54,12,32,0.5
2024/12/24,乐山市,2.58,优,49,34,39,32,4,24,0.7
2024/12/24,昆明市,2.28,优,40,20,31,79,8,20,0.6
2024/12/24,雅安市,2.26,优,38,26,30,49,5,22,0.6
2024/12/24,舟山市,1.97,优,40,16,28,79,7,15,0.5
2024/12/24,厦门市,1.7,优,38,12,26,76,2,15,0.4
2024/12/24,福州市,1.63,优,43,8,23,86,3,15,0.4
2024/12/25,安阳市,9.82,重度污染,206,156,199,23,12,68,1.9
2024/12/25,临汾市,9.23,中度污染,180,136,203,18,14,61,2.3
2024/12/25,邯郸市,9.03,中度污染,173,131,182,22,16,71,2
2024/12/25,临沂市,8.94,中度污染,159,121,165,79,23,76,1.4
2024/12/25,新乡市,8.77,中度污染,175,132,177,32,14,65,1.7
2024/12/25,德州市,8.71,中度污染,162,123,179,52,19,68,1.2
2024/12/25,淄博市,8.66,中度污染,153,117,163,61,26,71,1.6
2024/12/25,菏泽市,8.64,中度污染,173,131,183,65,12,55,1.2
2024/12/25,聊城市,8.59,中度污染,176,133,175,52,15,57,1.2
2024/12/25,衡水市,8.47,中度污染,159,121,170,28,16,71,1.4
2024/12/25,济宁市,8.31,中度污染,156,119,158,74,15,65,1.3
2024/12/25,滨州市,8.29,轻度污染,147,112,164,51,20,72,1.2
2024/12/25,商丘市,8.28,中度污染,180,136,147,82,8,54,1.2
2024/12/25,运城市,8.17,中度污染,158,120,174,67,14,48,1.6
2024/12/25,徐州市,8.16,轻度污染,145,111,154,94,11,69,1.2
2024/12/25,邢台市,8.11,轻度污染,144,110,154,27,24,64,2.4
2024/12/25,濮阳市,8.1,中度污染,172,130,164,43,6,56,1.1
2024/12/25,泰安市,8.06,中度污染,153,117,153,50,12,69,1.2
2024/12/25,萍乡市,8.06,中度污染,152,116,160,81,20,49,1.6
2024/12/25,枣庄市,8.05,中度污染,152,116,157,94,11,59,1
2024/12/25,东营市,7.99,轻度污染,135,103,154,48,24,72,1.4
2024/12/25,鹤壁市,7.97,中度污染,165,125,170,22,8,56,1.2
2024/12/25,许昌市,7.95,中度污染,159,121,157,77,10,53,1.1
2024/12/25,济南市,7.89,轻度污染,143,109,157,63,16,63,1.2
2024/12/25,淮北市,7.78,中度污染,152,116,153,94,7,54,0.9
2024/12/25,阜阳市,7.74,轻度污染,149,114,145,92,8,59,0.9
2024/12/25,潍坊市,7.62,轻度污染,130,99,149,58,20,66,1.3
2024/12/25,宿州市,7.56,轻度污染,147,112,144,97,10,52,0.9
2024/12/25,开封市,7.49,中度污染,152,116,145,50,8,57,1
2024/12/25,孝感市,7.43,轻度污染,144,110,150,28,10,62,1
2024/12/25,安庆市,7.4,轻度污染,142,108,148,37,12,61,1
2024/12/25,淮南市,7.32,轻度污染,143,109,144,89,10,48,0.9
2024/12/25,蚌埠市,7.26,轻度污染,133,101,135,88,10,61,0.8
2024/12/25,宿迁市,7.25,轻度污染,144,110,134,88,5,54,0.9
2024/12/25,咸阳市,7.23,轻度污染,124,94,160,67,8,58,1
2024/12/25,镇江市,7.22,轻度污染,128,97,138,8,9,80,1.1
2024/12/25,兰州市,7.19,轻度污染,115,87,122,42,29,72,1.7
2024/12/25,焦作市,7.18,轻度污染,133,101,143,44,16,53,1.5
2024/12/25,沧州市,7.17,轻度污染,133,101,145,26,12,62,1.2
2024/12/25,荆州市,7.16,中度污染,152,116,127,54,7,55,0.8
2024/12/25,扬州市,7.06,轻度污染,133,101,130,17,5,73,1.2
2024/12/25,保定市,7.01,轻度污染,134,102,141,32,7,61,1
2024/12/25,武汉市,6.95,轻度污染,124,94,110,15,10,87,1
2024/12/25,芜湖市,6.91,轻度污染,119,90,129,65,13,65,1
2024/12/25,株洲市,6.87,轻度污染,134,102,136,80,9,46,0.9
2024/12/25,黄冈市,6.87,轻度污染,118,89,123,22,10,79,1.1
2024/12/25,鄂州市,6.81,轻度污染,127,96,122,22,10,69,1.2
2024/12/25,漯河市,6.79,轻度污染,137,104,135,84,10,41,0.7
2024/12/25,郑州市,6.78,轻度污染,130,99,126,64,10,52,1.1
2024/12/25,襄阳市,6.76,轻度污染,122,92,132,35,19,59,0.9
2024/12/25,荆门市,6.75,轻度污染,128,97,133,52,11,55,0.8
2024/12/25,淮安市,6.74,轻度污染,127,96,119,64,9,62,0.8
2024/12/25,亳州市,6.74,轻度污染,125,95,138,94,7,46,0.8
2024/12/25,周口市,6.73,轻度污染,140,107,126,75,9,42,0.8
2024/12/25,渭南市,6.73,轻度污染,110,83,148,58,7,62,0.9
2024/12/25,马鞍山市,6.67,轻度污染,118,89,124,51,10,62,1.3
2024/12/25,西宁市,6.67,轻度污染,117,88,108,51,27,56,1.8
2024/12/25,青岛市,6.67,轻度污染,105,79,117,57,17,72,1.2
2024/12/25,湖州市,6.65,轻度污染,119,90,126,49,10,63,0.9
2024/12/25,池州市,6.63,轻度污染,134,102,127,62,7,47,0.9
2024/12/25,平顶山市,6.62,轻度污染,122,92,148,87,11,39,0.7
2024/12/25,常州市,6.62,轻度污染,114,86,119,18,12,76,1
2024/12/25,日照市,6.61,轻度污染,109,82,118,75,14,64,1.1
2024/12/25,长沙市,6.55,轻度污染,129,98,132,82,6,42,0.8
2024/12/25,三门峡市,6.55,轻度污染,118,89,126,53,12,56,1.1
2024/12/25,西安市,6.55,轻度污染,108,81,140,65,8,59,0.9
2024/12/25,广安市,6.53,轻度污染,150,115,126,36,6,36,0.9
2024/12/25,泰州市,6.53,轻度污染,122,92,118,56,8,59,1
2024/12/25,宣城市,6.52,轻度污染,124,94,118,78,9,49,1.1
2024/12/25,湘潭市,6.5,轻度污染,134,102,122,92,7,38,0.8
2024/12/25,常德市,6.48,轻度污染,140,107,130,89,7,28,0.7
2024/12/25,铜陵市,6.45,轻度污染,115,87,129,71,8,52,1
2024/12/25,九江市,6.44,轻度污染,117,88,118,50,12,58,1.1
2024/12/25,益阳市,6.28,轻度污染,138,105,118,98,5,28,0.8
2024/12/25,黄石市,6.24,轻度污染,114,86,107,34,19,56,1.3
2024/12/25,石家庄市,6.16,轻度污染,103,77,126,26,10,59,1.4
2024/12/25,合肥市,6.14,良,99,74,108,70,6,70,0.8
2024/12/25,宜昌市,6.13,轻度污染,122,92,114,40,7,51,0.9
2024/12/25,南京市,6.13,良,100,75,111,39,8,71,1
2024/12/25,秦皇岛市,6.09,良,90,67,117,62,13,65,1.1
2024/12/25,金华市,6.08,轻度污染,103,77,115,29,5,71,0.8
2024/12/25,南昌市,6.06,轻度污染,112,84,117,95,12,40,0.8
2024/12/25,随州市,6.04,轻度污染,110,83,104,50,10,57,1.1
2024/12/25,岳阳市,6.01,轻度污染,117,88,108,70,13,44,0.8
2024/12/25,连云港市,6.01,轻度污染,109,82,109,81,12,49,0.7
2024/12/25,铜川市,5.91,轻度污染,107,80,112,73,13,45,0.9
2024/12/25,长治市,5.87,轻度污染,102,76,100,48,22,49,1.5
2024/12/25,宜春市,5.79,良,98,73,107,88,16,42,1.2
2024/12/25,晋中市,5.78,良,89,62,127,48,23,49,1.2
2024/12/25,六安市,5.77,轻度污染,104,78,106,93,4,47,0.8
2024/12/25,洛阳市,5.75,轻度污染,107,80,120,68,8,38,1
2024/12/25,乌鲁木齐市,5.73,轻度污染,112,84,102,36,3,53,1.1
2024/12/25,新余市,5.73,轻度污染,107,80,98,94,21,37,0.7
2024/12/25,南宁市,5.72,良,99,74,96,122,15,38,1.1
2024/12/25,滁州市,5.7,轻度污染,104,78,99,61,8,54,0.8
2024/12/25,盐城市,5.7,轻度污染,103,77,106,59,6,52,0.9
2024/12/25,咸宁市,5.65,轻度污染,110,83,108,50,5,44,1
2024/12/25,苏州市,5.64,良,90,66,96,34,9,72,0.9
2024/12/25,无锡市,5.58,良,98,61,93,22,10,78,1
2024/12/25,唐山市,5.56,良,85,63,117,65,9,54,0.7
2024/12/25,杭州市,5.5,良,94,70,99,60,8,55,0.8
2024/12/25,银川市,5.49,良,79,58,105,59,23,52,1.1
2024/12/25,天津,5.44,良,92,68,110,63,7,49,0.8
2024/12/25,重庆市,5.41,轻度污染,112,84,106,26,7,40,0.9
2024/12/25,南通市,5.37,良,94,70,93,51,7,54,1
2024/12/25,衢州市,5.32,良,97,72,99,37,7,53,0.7
2024/12/25,南阳市,5.2,良,100,75,107,51,8,36,0.7
2024/12/25,太原市,5.2,良,77,56,104,58,19,47,1
2024/12/25,廊坊市,5.19,良,83,59,116,70,6,45,0.7
2024/12/25,宝鸡市,5.18,良,88,65,104,76,9,40,0.8
2024/12/25,内江市,5.15,轻度污染,118,89,89,32,6,33,0.9
2024/12/25,达州市,5.12,良,97,72,96,14,12,46,1
2024/12/25,晋城市,5.1,良,82,60,86,60,15,47,1.4
2024/12/25,信阳市,5.09,轻度污染,103,77,88,92,4,32,0.7
2024/12/25,泸州市,4.99,轻度污染,112,84,103,31,3,28,0.7
2024/12/25,绍兴市,4.99,良,83,61,92,39,7,55,0.8
2024/12/25,驻马店市,4.98,良,92,68,101,96,8,29,0.6
2024/12/25,嘉兴市,4.96,良,84,62,90,64,8,49,0.6
2024/12/25,阳泉市,4.94,良,73,51,96,64,17,47,1
2024/12/25,吕梁市,4.85,良,85,52,120,40,7,43,0.8
2024/12/25,锦州市,4.79,良,73,53,91,68,23,35,1.2
2024/12/25,上海,4.61,良,90,45,70,34,8,72,0.7
2024/12/25,南充市,4.6,良,98,73,91,33,3,32,0.6
2024/12/25,宁波市,4.56,良,78,48,81,24,8,62,0.8
2024/12/25,珠海市,4.51,良,67,48,82,91,8,45,0.6
2024/12/25,大连市,4.39,良,80,59,77,58,13,33,0.8
2024/12/25,葫芦岛市,4.38,良,70,38,89,65,23,38,1.1
2024/12/25,资阳市,4.36,良,93,69,84,33,2,30,0.8
2024/12/25,遂宁市,4.36,良,88,65,82,31,7,36,0.5
2024/12/25,忻州市,4.33,良,70,47,90,65,7,38,0.9
2024/12/25,德阳市,4.32,良,82,60,74,45,3,41,0.8
2024/12/25,江门市,4.32,良,63,44,71,85,7,50,0.6
2024/12/25,沈阳市,4.22,良,70,44,89,57,15,32,1.1
2024/12/25,佛山市,4.21,良,60,43,66,81,10,47,0.7
2024/12/25,中山市,4.2,良,64,46,68,82,5,47,0.6
2024/12/25,成都市,4.17,良,74,54,72,17,3,49,0.9
2024/12/25,眉山市,4.03,良,79,58,64,17,5,41,1
2024/12/25,肇庆市,4.03,良,60,43,66,108,9,35,0.6
2024/12/25,绵阳市,4.02,良,72,52,70,66,4,34,0.8
2024/12/25,自贡市,3.91,良,77,56,80,36,5,29,0.6
2024/12/25,广州市,3.79,良,58,41,63,85,8,35,0.7
2024/12/25,黄山市,3.76,良,69,50,75,75,7,22,0.5
2024/12/25,东莞市,3.74,良,57,40,63,92,7,32,0.8
2024/12/25,深圳市,3.71,良,57,40,64,77,7,35,0.7
2024/12/25,丽水市,3.7,良,58,41,60,70,5,40,0.6
2024/12/25,承德市,3.61,良,67,37,83,69,5,26,0.8
2024/12/25,宜宾市,3.58,良,68,49,57,47,8,30,0.8
2024/12/25,朝阳市,3.57,良,62,36,73,70,11,23,1.2
2024/12/25,贵阳市,3.42,良,64,46,56,34,9,30,0.8
2024/12/25,长春市,3.33,良,57,37,64,57,12,26,0.6
2024/12/25,北京,3.3,良,59,32,68,67,3,32,0.6
2024/12/25,温州市,3.21,良,57,29,50,49,7,45,0.5
2024/12/25,乐山市,3.2,良,60,43,52,18,4,32,1
2024/12/25,惠州市,3.18,良,55,39,56,81,8,19,0.6
2024/12/25,台州市,3.18,良,53,33,55,42,4,40,0.5
2024/12/25,海口市,3.13,良,71,34,52,125,6,17,0.5
2024/12/25,哈尔滨市,3.06,良,53,37,56,52,9,23,0.6
2024/12/25,大同市,2.92,良,55,20,60,75,16,24,0.6
2024/12/25,呼和浩特市,2.79,良,53,21,55,72,8,28,0.5
2024/12/25,朔州市,2.78,良,60,17,70,68,13,20,0.6
2024/12/25,雅安市,2.64,优,50,35,43,36,5,23,0.6
2024/12/25,舟山市,2.64,优,43,24,38,51,7,34,0.5
2024/12/25,包头市,2.63,良,56,16,61,72,9,22,0.6
2024/12/25,拉萨市,2.5,良,52,18,34,102,6,23,0.7
2024/12/25,厦门市,2.28,优,38,17,35,66,2,30,0.4
2024/12/25,张家口市,2.2,良,54,19,58,76,3,9,0.3
2024/12/25,昆明市,2.16,优,39,20,30,78,8,17,0.5
2024/12/25,福州市,2.07,优,38,14,32,76,3,23,0.4
2024/12/26,漯河市,10.4,重度污染,228,178,214,72,12,52,1.2
2024/12/26,周口市,9.78,重度污染,212,162,196,77,10,58,1
2024/12/26,驻马店市,9.13,中度污染,196,147,208,68,10,45,1
2024/12/26,亳州市,8.65,中度污染,172,130,190,72,11,53,1.1
2024/12/26,常德市,8.54,重度污染,202,152,185,39,10,36,1
2024/12/26,许昌市,8.44,中度污染,172,130,182,61,11,53,1
2024/12/26,鄂州市,8.3,中度污染,162,123,155,12,11,80,1.3
2024/12/26,淮南市,8.22,中度污染,166,126,177,74,12,47,1
2024/12/26,阜阳市,8.22,中度污染,165,125,163,92,10,53,1
2024/12/26,南阳市,8.19,中度污染,172,130,172,83,10,42,1.1
2024/12/26,黄冈市,8.14,轻度污染,144,110,150,9,12,92,1.2
2024/12/26,黄石市,8.1,中度污染,152,116,142,13,17,82,1.4
2024/12/26,襄阳市,8.07,中度污染,156,119,165,64,15,55,1.1
2024/12/26,淮北市,7.82,中度污染,156,119,175,63,9,47,0.8
2024/12/26,芜湖市,7.77,轻度污染,134,102,150,94,14,66,1
2024/12/26,萍乡市,7.76,中度污染,153,117,150,86,22,41,1.4
2024/12/26,蚌埠市,7.75,轻度污染,150,115,158,68,12,55,0.8
2024/12/26,湖州市,7.75,轻度污染,145,111,146,106,12,55,1
2024/12/26,池州市,7.73,中度污染,152,116,151,68,10,58,0.9
2024/12/26,宿州市,7.67,轻度污染,147,112,160,72,11,52,1
2024/12/26,商丘市,7.57,中度污染,155,118,146,61,8,53,1.1
2024/12/26,宣城市,7.52,轻度污染,147,112,140,111,8,50,1
2024/12/26,嘉兴市,7.51,轻度污染,139,106,140,89,10,60,1
2024/12/26,荆州市,7.5,中度污染,166,126,141,31,9,52,1
2024/12/26,孝感市,7.49,轻度污染,145,111,156,51,10,54,1
2024/12/26,杭州市,7.47,轻度污染,140,107,142,102,10,53,1
2024/12/26,苏州市,7.45,轻度污染,134,102,139,83,11,62,1.2
2024/12/26,铜陵市,7.45,轻度污染,133,101,148,80,9,62,1
2024/12/26,咸宁市,7.41,中度污染,153,117,148,25,7,55,1.2
2024/12/26,徐州市,7.34,轻度污染,129,98,152,60,13,61,1
2024/12/26,绍兴市,7.24,轻度污染,139,106,137,98,10,49,1
2024/12/26,益阳市,7.23,中度污染,172,130,145,59,8,30,0.8
2024/12/26,信阳市,7.2,中度污染,155,118,141,78,8,39,0.9
2024/12/26,平顶山市,7.2,轻度污染,142,108,170,66,15,32,0.9
2024/12/26,武汉市,7.2,轻度污染,140,107,126,19,11,73,0.9
2024/12/26,枣庄市,7.06,轻度污染,128,97,150,64,9,55,0.9
2024/12/26,六安市,7.04,轻度污染,134,102,130,99,5,53,1
2024/12/26,合肥市,7.03,轻度污染,123,93,132,97,8,61,0.9
2024/12/26,常州市,6.97,轻度污染,127,96,132,75,12,57,1
2024/12/26,无锡市,6.93,轻度污染,115,87,129,70,11,67,1.2
2024/12/26,金华市,6.92,轻度污染,122,92,134,93,6,59,0.9
2024/12/26,马鞍山市,6.91,轻度污染,122,92,134,84,10,56,1.1
2024/12/26,衢州市,6.89,轻度污染,135,103,132,86,6,49,0.8
2024/12/26,乌鲁木齐市,6.85,轻度污染,135,103,125,35,3,62,1.2
2024/12/26,长沙市,6.71,轻度污染,148,113,137,62,9,32,0.7
2024/12/26,上海,6.61,轻度污染,120,91,114,91,11,55,1
2024/12/26,株洲市,6.56,轻度污染,134,102,133,64,10,39,0.8
2024/12/26,开封市,6.5,轻度污染,124,94,133,57,6,50,0.8
2024/12/26,岳阳市,6.49,轻度污染,134,102,124,36,13,46,0.9
2024/12/26,九江市,6.46,轻度污染,119,90,119,82,11,51,0.9
2024/12/26,湘潭市,6.45,轻度污染,144,110,127,69,10,29,0.7
2024/12/26,随州市,6.44,轻度污染,128,97,114,66,11,48,1
2024/12/26,运城市,6.42,轻度污染,109,82,124,63,15,50,1.7
2024/12/26,宁波市,6.42,轻度污染,109,82,122,94,11,53,1
2024/12/26,咸阳市,6.37,轻度污染,107,80,134,64,8,57,0.9
2024/12/26,安庆市,6.33,轻度污染,125,95,123,93,11,37,0.7
2024/12/26,宝鸡市,6.33,轻度污染,118,89,127,74,12,44,0.9
2024/12/26,南京市,6.26,轻度污染,110,83,123,76,8,53,0.8
2024/12/26,广安市,6.2,轻度污染,138,105,120,63,5,32,0.9
2024/12/26,滁州市,6.18,轻度污染,114,86,121,80,10,45,0.8
2024/12/26,洛阳市,6.16,轻度污染,109,82,134,49,9,48,1
2024/12/26,宜昌市,6.08,轻度污染,120,91,114,47,7,49,0.9
2024/12/26,西安市,6.08,良,100,75,124,56,9,58,0.9
2024/12/26,三门峡市,6.07,轻度污染,105,79,115,58,14,52,1.1
2024/12/26,西宁市,6.07,轻度污染,102,76,104,46,24,53,1.6
2024/12/26,菏泽市,6.01,轻度污染,104,78,134,64,9,45,0.8
2024/12/26,渭南市,5.97,轻度污染,102,76,125,62,6,52,0.9
2024/12/26,郑州市,5.88,轻度污染,108,81,120,53,8,46,1
2024/12/26,安阳市,5.85,轻度污染,104,78,119,57,8,46,1.1
2024/12/26,济宁市,5.81,良,97,72,115,61,12,51,1
2024/12/26,镇江市,5.76,良,99,74,113,64,7,53,0.8
2024/12/26,达州市,5.73,轻度污染,117,88,114,16,10,41,1.2
2024/12/26,南昌市,5.73,轻度污染,107,80,113,104,11,33,0.7
2024/12/26,重庆市,5.62,轻度污染,115,87,106,53,7,38,0.9
2024/12/26,德阳市,5.57,轻度污染,109,82,98,73,4,42,1
2024/12/26,荆门市,5.48,轻度污染,104,78,109,74,14,32,0.8
2024/12/26,扬州市,5.47,良,99,74,110,65,5,43,0.9
2024/12/26,淮安市,5.47,良,98,73,110,60,9,44,0.7
2024/12/26,鹤壁市,5.42,良,94,70,114,59,7,43,0.9
2024/12/26,泰州市,5.41,良,93,69,102,69,8,48,0.9
2024/12/26,临汾市,5.37,良,92,68,112,47,7,45,1.2
2024/12/26,南充市,5.32,轻度污染,113,85,104,52,3,34,0.7
2024/12/26,晋城市,5.32,良,82,60,98,60,17,48,1.4
2024/12/26,南通市,5.31,良,99,74,108,79,8,33,0.9
2024/12/26,宜春市,5.31,良,92,68,99,102,15,33,1
2024/12/26,温州市,5.3,良,88,65,99,92,7,46,0.7
2024/12/26,遂宁市,5.25,轻度污染,104,78,102,69,8,34,0.6
2024/12/26,台州市,5.14,良,99,74,95,103,6,31,0.6
2024/12/26,新乡市,5.13,良,84,62,104,56,9,45,1
2024/12/26,焦作市,5.11,良,84,62,110,55,12,39,1
2024/12/26,兰州市,5.11,良,75,55,96,68,19,46,1.1
2024/12/26,绵阳市,5.09,良,97,72,94,70,5,38,0.9
2024/12/26,新余市,5.06,良,93,69,87,112,18,28,0.6
2024/12/26,资阳市,5.04,良,100,75,94,74,3,32,1
2024/12/26,丽水市,4.97,良,93,69,82,117,6,33,0.7
2024/12/26,内江市,4.89,轻度污染,103,77,78,70,7,32,0.9
2024/12/26,宿迁市,4.81,良,92,68,95,66,6,33,0.7
2024/12/26,南宁市,4.81,良,90,67,86,84,11,29,1
2024/12/26,黄山市,4.69,良,92,68,93,100,9,20,0.6
2024/12/26,盐城市,4.67,良,79,58,97,72,7,34,0.8
2024/12/26,舟山市,4.66,良,78,57,80,98,9,38,0.7
2024/12/26,临沂市,4.59,良,70,46,90,65,13,47,0.7
2024/12/26,长治市,4.56,良,68,49,78,58,20,43,1.1
2024/12/26,铜川市,4.54,良,73,53,79,81,14,39,0.7
2024/12/26,泸州市,4.4,良,94,70,84,59,3,24,0.7
2024/12/26,眉山市,4.4,良,84,62,71,70,5,35,0.9
2024/12/26,江门市,4.39,良,64,46,74,84,9,46,0.8
2024/12/26,成都市,4.36,良,79,58,76,70,3,37,0.8
2024/12/26,濮阳市,4.33,良,72,52,93,57,4,36,0.7
2024/12/26,泰安市,4.25,良,66,46,82,62,8,42,0.8
2024/12/26,自贡市,4.2,良,75,55,82,72,5,31,0.6
2024/12/26,邯郸市,4.18,良,68,46,86,55,7,40,0.7
2024/12/26,连云港市,4.15,良,67,40,83,61,13,41,0.8
2024/12/26,佛山市,4.14,良,65,47,67,82,11,38,0.8
2024/12/26,邢台市,4.14,良,70,45,90,57,6,38,0.6
2024/12/26,中山市,4.11,良,64,46,67,70,6,46,0.6
2024/12/26,珠海市,3.98,良,63,45,66,89,7,37,0.6
2024/12/26,淄博市,3.9,良,60,32,69,60,16,46,0.8
2024/12/26,广州市,3.84,良,60,43,66,84,8,33,0.8
2024/12/26,晋中市,3.7,良,62,27,74,45,14,47,0.7
2024/12/26,乐山市,3.68,良,69,50,62,60,5,27,0.9
2024/12/26,济南市,3.67,良,62,29,73,58,11,43,0.7
2024/12/26,宜宾市,3.61,良,63,45,56,79,9,27,0.8
2024/12/26,吕梁市,3.58,良,71,28,91,37,7,39,0.6
2024/12/26,银川市,3.53,良,57,33,63,52,16,35,0.9
2024/12/26,东莞市,3.46,良,52,36,54,74,7,35,0.8
2024/12/26,聊城市,3.46,良,61,28,71,63,12,35,0.7
2024/12/26,石家庄市,3.39,良,63,35,76,54,5,31,0.4
2024/12/26,阳泉市,3.37,良,56,24,61,60,12,42,0.7
2024/12/26,日照市,3.29,良,59,27,67,70,10,30,0.8
2024/12/26,太原市,3.25,良,56,23,61,47,14,41,0.7
2024/12/26,厦门市,3.24,良,53,32,56,93,3,31,0.5
2024/12/26,肇庆市,3.2,良,52,35,53,86,6,26,0.6
2024/12/26,朔州市,3.18,良,61,18,72,52,22,32,0.6
2024/12/26,深圳市,3.16,优,47,30,47,88,6,32,0.7
2024/12/26,青岛市,3.07,良,57,23,64,68,11,29,0.7
2024/12/26,福州市,3.05,良,55,39,45,95,2,23,0.4
2024/12/26,海口市,3.01,良,60,33,50,111,6,18,0.5
2024/12/26,惠州市,2.96,优,50,35,48,79,8,20,0.6
2024/12/26,沈阳市,2.92,良,57,19,63,60,12,29,0.7
2024/12/26,忻州市,2.9,良,52,23,53,53,8,36,0.5
2024/12/26,衡水市,2.86,良,54,24,57,55,7,32,0.4
2024/12/26,葫芦岛市,2.82,优,43,24,43,68,18,26,0.6
2024/12/26,德州市,2.82,良,52,19,53,67,9,32,0.6
2024/12/26,潍坊市,2.81,良,51,19,52,66,13,29,0.7
2024/12/26,昆明市,2.74,优,45,26,39,89,8,24,0.6
2024/12/26,保定市,2.67,良,55,24,60,51,3,28,0.2
2024/12/26,贵阳市,2.62,优,46,32,38,29,10,25,0.8
2024/12/26,滨州市,2.62,优,49,17,49,64,8,31,0.5
2024/12/26,沧州市,2.57,优,47,23,47,54,5,29,0.4
2024/12/26,锦州市,2.57,优,40,22,40,71,14,22,0.6
2024/12/26,雅安市,2.56,优,43,30,40,69,5,20,0.5
2024/12/26,哈尔滨市,2.42,优,35,24,34,55,8,25,0.6
2024/12/26,大同市,2.36,优,36,16,36,62,16,23,0.6
2024/12/26,长春市,2.31,优,35,20,35,57,12,23,0.4
2024/12/26,东营市,2.09,优,35,12,35,68,8,22,0.6
2024/12/26,呼和浩特市,2.08,优,34,14,34,59,13,20,0.4
2024/12/26,拉萨市,2.05,优,50,12,20,99,6,22,0.6
2024/12/26,天津,2.04,优,35,13,35,60,4,25,0.4
2024/12/26,秦皇岛市,2.01,优,35,14,28,61,2,28,0.4
2024/12/26,廊坊市,1.95,优,31,12,31,62,5,24,0.4
2024/12/26,唐山市,1.84,优,33,12,27,66,5,21,0.4
2024/12/26,大连市,1.81,优,36,9,32,71,9,15,0.5
2024/12/26,朝阳市,1.72,优,35,13,29,70,6,11,0.5
2024/12/26,承德市,1.7,优,34,12,32,68,3,14,0.3
2024/12/26,包头市,1.6,优,33,8,27,66,8,13,0.5
2024/12/26,北京,1.47,优,30,10,25,59,3,14,0.2
2024/12/26,张家口市,1.19,优,36,8,19,72,4,5,0.2
2024/12/27,荆州市,8.92,重度污染,205,155,175,90,10,39,1.1
2024/12/27,荆门市,8.88,中度污染,198,148,199,77,14,34,1
2024/12/27,襄阳市,8.72,中度污染,178,134,210,63,14,41,1
2024/12/27,益阳市,8.43,中度污染,200,150,169,92,6,32,1
2024/12/27,长沙市,8.34,中度污染,183,138,178,86,9,38,0.9
2024/12/27,常德市,8.33,中度污染,189,142,180,100,8,28,1
2024/12/27,萍乡市,8.23,中度污染,182,137,169,30,18,45,1.2
2024/12/27,衢州市,8.23,中度污染,173,131,166,60,7,56,0.9
2024/12/27,咸宁市,8.22,中度污染,172,130,166,59,6,54,1.3
2024/12/27,株洲市,8.2,中度污染,176,133,171,76,11,43,0.9
2024/12/27,鄂州市,8.12,中度污染,168,127,161,78,11,49,1.2
2024/12/27,湘潭市,8.09,中度污染,185,139,163,83,10,35,0.9
2024/12/27,孝感市,8.09,中度污染,172,130,178,70,10,38,1.1
2024/12/27,黄石市,7.91,中度污染,158,120,148,84,14,53,1.2
2024/12/27,岳阳市,7.79,中度污染,155,118,151,85,14,49,1.1
2024/12/27,黄冈市,7.74,中度污染,153,117,153,76,11,54,0.8
2024/12/27,信阳市,7.68,中度污染,175,132,160,69,7,34,0.9
2024/12/27,南阳市,7.56,中度污染,159,121,166,77,9,34,1
2024/12/27,随州市,7.51,中度污染,160,122,144,71,10,42,1.2
2024/12/27,驻马店市,7.26,轻度污染,138,105,184,64,8,37,0.7
2024/12/27,阜阳市,7.22,轻度污染,140,107,157,62,9,47,0.8
2024/12/27,武汉市,7.17,轻度污染,149,114,134,68,12,47,0.8
2024/12/27,宜春市,7.05,轻度污染,134,102,136,43,22,47,1.5
2024/12/27,宜昌市,6.98,轻度污染,143,109,135,65,8,46,1
2024/12/27,乌鲁木齐市,6.75,轻度污染,125,95,130,44,5,61,1.2
2024/12/27,金华市,6.7,轻度污染,120,91,139,49,6,58,1
2024/12/27,南昌市,6.54,轻度污染,129,98,135,79,12,37,0.8
2024/12/27,丽水市,6.42,轻度污染,137,104,121,77,7,37,0.8
2024/12/27,漯河市,6.36,轻度污染,112,84,159,60,9,39,0.7
2024/12/27,温州市,6.33,轻度污染,123,93,124,68,8,46,0.8
2024/12/27,九江市,6.33,轻度污染,122,92,128,71,11,40,1
2024/12/27,周口市,6.23,轻度污染,115,87,136,48,9,46,0.8
2024/12/27,六安市,6.03,轻度污染,112,84,126,60,5,45,1
2024/12/27,泸州市,5.93,轻度污染,130,99,118,66,3,30,0.8
2024/12/27,淮南市,5.86,轻度污染,104,78,131,66,10,39,0.8
2024/12/27,资阳市,5.71,轻度污染,127,96,116,17,2,37,1
2024/12/27,广安市,5.64,轻度污染,123,93,104,62,4,31,1
2024/12/27,宿州市,5.64,良,97,72,118,59,10,46,0.8
2024/12/27,成都市,5.51,轻度污染,107,80,103,35,3,51,0.8
2024/12/27,德阳市,5.5,轻度污染,114,86,101,56,3,39,0.9
2024/12/27,徐州市,5.46,良,82,60,114,56,14,53,0.9
2024/12/27,重庆市,5.44,轻度污染,110,83,103,54,7,37,0.9
2024/12/27,亳州市,5.43,良,92,68,122,56,7,43,0.8
2024/12/27,蚌埠市,5.43,良,89,66,112,66,10,47,0.7
2024/12/27,黄山市,5.36,轻度污染,104,78,115,97,11,22,0.6
2024/12/27,内江市,5.35,轻度污染,124,94,90,37,6,33,0.9
2024/12/27,新余市,5.35,轻度污染,107,80,94,87,17,30,0.6
2024/12/27,商丘市,5.33,良,92,68,98,54,8,52,0.9
2024/12/27,达州市,5.28,良,99,74,100,38,9,42,1.2
2024/12/27,池州市,5.26,良,93,69,112,55,9,41,0.7
2024/12/27,自贡市,5.25,轻度污染,102,76,109,62,6,34,0.7
2024/12/27,平顶山市,5.23,良,97,65,143,69,8,25,0.6
2024/12/27,绵阳市,5.19,良,98,73,100,52,5,41,1
2024/12/27,安庆市,5.16,良,92,68,110,64,10,36,0.7
2024/12/27,珠海市,5.13,良,85,55,86,141,9,45,0.7
2024/12/27,许昌市,5.1,良,89,56,128,62,9,38,0.7
2024/12/27,合肥市,5.05,良,80,59,106,55,8,47,0.8
2024/12/27,宜宾市,5.02,良,99,74,87,76,9,33,0.9
2024/12/27,淮北市,4.98,良,84,62,110,57,8,40,0.6
2024/12/27,眉山市,4.94,良,100,75,84,27,5,46,0.8
2024/12/27,菏泽市,4.94,良,79,50,107,61,11,49,0.8
2024/12/27,佛山市,4.83,良,80,59,82,108,10,36,0.9
2024/12/27,江门市,4.81,良,77,56,82,127,9,36,0.8
2024/12/27,铜陵市,4.8,良,79,58,100,55,7,42,0.8
2024/12/27,乐山市,4.77,轻度污染,102,76,90,34,5,32,0.9
2024/12/27,遂宁市,4.77,良,95,71,92,29,7,39,0.6
2024/12/27,中山市,4.77,良,74,54,78,117,7,45,0.6
2024/12/27,南充市,4.7,良,99,74,92,37,3,33,0.7
2024/12/27,台州市,4.69,良,92,68,95,70,6,28,0.6
2024/12/27,枣庄市,4.68,良,75,49,100,54,11,46,0.7
2024/12/27,新乡市,4.62,良,72,52,93,37,10,47,0.9
2024/12/27,开封市,4.47,良,74,50,98,50,8,42,0.6
2024/12/27,安阳市,4.47,良,71,50,91,49,8,44,0.8
2024/12/27,宿迁市,4.37,良,72,52,90,57,6,38,0.7
2024/12/27,淮安市,4.36,良,69,45,88,58,9,45,0.7
2024/12/27,鹤壁市,4.32,良,72,50,93,49,7,38,0.7
2024/12/27,宣城市,4.31,良,66,47,82,74,7,41,0.8
2024/12/27,芜湖市,4.28,良,67,41,83,60,11,47,0.7
2024/12/27,西安市,4.26,良,69,50,85,69,7,37,0.6
2024/12/27,临沂市,4.23,良,67,38,83,51,14,49,0.7
2024/12/27,济宁市,4.22,良,65,39,79,52,13,49,0.9
2024/12/27,广州市,4.19,良,67,48,71,108,9,31,0.8
2024/12/27,深圳市,4.14,良,65,44,69,118,8,33,0.8
2024/12/27,洛阳市,4.13,良,76,45,102,65,6,29,0.6
2024/12/27,南宁市,4.07,良,78,57,69,68,8,27,0.9
2024/12/27,聊城市,4.02,良,66,32,81,59,14,46,0.8
2024/12/27,雅安市,3.99,良,82,60,73,53,5,27,0.6
2024/12/27,马鞍山市,3.99,良,62,38,74,66,11,40,1
2024/12/27,扬州市,3.98,良,63,42,75,66,5,40,0.9
2024/12/27,连云港市,3.98,良,62,35,69,51,14,49,0.9
2024/12/27,常州市,3.96,良,59,41,68,67,9,44,0.6
2024/12/27,无锡市,3.96,良,63,35,70,55,9,50,0.9
2024/12/27,淄博市,3.95,良,61,32,71,53,18,47,0.9
2024/12/27,滁州市,3.94,良,62,42,74,75,8,36,0.7
2024/12/27,福州市,3.89,良,74,54,62,102,4,24,0.6
2024/12/27,郑州市,3.89,良,70,40,90,66,6,32,0.6
2024/12/27,苏州市,3.89,良,62,34,65,59,9,49,1
2024/12/27,镇江市,3.86,良,62,38,73,61,7,43,0.6
2024/12/27,海口市,3.85,良,69,50,68,116,8,18,0.6
2024/12/27,泰州市,3.81,良,58,38,65,67,9,41,0.8
2024/12/27,西宁市,3.78,良,67,33,61,45,10,53,0.8
2024/12/27,东莞市,3.73,良,62,39,60,114,8,29,0.8
2024/12/27,杭州市,3.71,良,56,39,61,67,8,40,0.7
2024/12/27,盐城市,3.71,良,61,36,71,70,9,35,0.8
2024/12/27,惠州市,3.7,良,62,44,64,112,10,19,0.7
2024/12/27,三门峡市,3.69,良,63,38,76,66,7,32,0.7
2024/12/27,济南市,3.69,良,62,26,69,52,13,49,0.8
2024/12/27,濮阳市,3.68,良,62,32,74,55,10,41,0.7
2024/12/27,邯郸市,3.64,良,63,33,76,50,7,40,0.7
2024/12/27,潍坊市,3.61,良,60,26,70,55,17,42,0.8
2024/12/27,肇庆市,3.6,良,64,46,60,95,5,23,0.7
2024/12/27,咸阳市,3.6,良,63,40,75,76,4,29,0.5
2024/12/27,南京市,3.59,良,59,35,67,66,7,38,0.6
2024/12/27,渭南市,3.59,良,61,32,72,67,5,40,0.6
2024/12/27,德州市,3.56,良,62,28,74,57,11,39,0.7
2024/12/27,绍兴市,3.45,良,55,35,59,68,8,35,0.7
2024/12/27,宝鸡市,3.43,良,61,36,72,72,7,26,0.6
2024/12/27,泰安市,3.43,良,58,29,66,60,8,38,0.8
2024/12/27,兰州市,3.42,良,57,31,63,60,13,35,0.6
2024/12/27,滨州市,3.38,良,59,28,67,59,12,36,0.6
2024/12/27,上海,3.27,良,54,27,47,70,8,43,0.7
2024/12/27,湖州市,3.23,优,49,31,49,74,8,36,0.6
2024/12/27,焦作市,3.23,良,64,29,78,65,9,23,0.6
2024/12/27,嘉兴市,3.18,良,54,29,57,66,8,34,0.6
2024/12/27,邢台市,3.18,良,60,28,70,61,6,31,0.5
2024/12/27,长治市,3.17,良,56,28,61,70,14,26,0.7
2024/12/27,衡水市,3.17,良,60,27,70,60,10,30,0.4
2024/12/27,沧州市,3.17,良,53,27,56,58,6,41,0.5
2024/12/27,运城市,3.16,良,67,25,84,66,10,21,0.6
2024/12/27,青岛市,3.14,良,56,23,61,58,13,34,0.7
2024/12/27,东营市,3.13,良,58,20,66,62,12,35,0.6
2024/12/27,厦门市,3.11,良,63,36,55,115,2,17,0.5
2024/12/27,哈尔滨市,3.07,优,50,35,47,51,9,31,0.6
2024/12/27,葫芦岛市,3.03,优,43,25,43,66,16,34,0.7
2024/12/27,南通市,3.01,良,53,30,55,77,7,23,0.7
2024/12/27,日照市,3,良,51,23,52,61,12,33,0.8
2024/12/27,晋城市,2.98,良,58,22,65,71,9,27,0.6
2024/12/27,昆明市,2.91,优,47,30,42,93,7,24,0.6
2024/12/27,保定市,2.87,良,56,25,61,66,3,31,0.2
2024/12/27,贵阳市,2.79,良,52,36,44,40,9,22,0.7
2024/12/27,宁波市,2.76,优,46,22,46,65,8,31,0.6
2024/12/27,沈阳市,2.67,优,44,20,44,54,12,31,0.6
2024/12/27,包头市,2.62,良,61,13,72,65,11,19,0.6
2024/12/27,石家庄市,2.61,良,54,21,58,62,4,25,0.4
2024/12/27,晋中市,2.59,良,63,14,75,67,6,20,0.4
2024/12/27,阳泉市,2.58,良,57,17,64,66,6,22,0.5
2024/12/27,忻州市,2.54,良,52,16,54,65,6,28,0.4
2024/12/27,银川市,2.51,优,46,22,46,64,9,22,0.5
2024/12/27,铜川市,2.5,优,42,23,42,73,8,22,0.4
2024/12/27,锦州市,2.42,优,37,18,37,66,16,22,0.6
2024/12/27,长春市,2.41,优,37,21,37,50,14,25,0.5
2024/12/27,吕梁市,2.31,良,54,13,57,65,4,22,0.4
2024/12/27,拉萨市,2.21,优,43,14,24,86,6,26,0.7
2024/12/27,太原市,2.19,优,48,13,48,67,8,19,0.4
2024/12/27,天津,2.08,优,38,13,38,64,4,24,0.4
2024/12/27,临汾市,1.97,优,47,11,47,70,3,17,0.3
2024/12/27,大连市,1.93,优,33,14,26,66,12,16,0.6
2024/12/27,呼和浩特市,1.93,优,43,10,43,64,8,16,0.4
2024/12/27,舟山市,1.92,优,37,15,29,74,7,16,0.4
2024/12/27,秦皇岛市,1.9,优,32,16,24,63,3,23,0.3
2024/12/27,大同市,1.87,优,37,9,37,65,10,15,0.5
2024/12/27,唐山市,1.85,优,34,12,29,67,6,19,0.4
2024/12/27,廊坊市,1.66,优,33,8,30,66,4,17,0.4
2024/12/27,朔州市,1.66,优,39,7,39,66,7,10,0.5
2024/12/27,朝阳市,1.6,优,34,10,32,67,8,8,0.4
2024/12/27,承德市,1.31,优,33,8,28,66,4,6,0.2
2024/12/27,张家口市,1.09,优,35,7,19,70,2,4,0.2
2024/12/27,北京,1.07,优,31,7,19,61,3,5,0.2
2024/12/28,萍乡市,6.95,轻度污染,140,107,138,94,11,34,1.2
2024/12/28,兰州市,6.03,良,90,62,104,40,19,72,1.6
2024/12/28,衢州市,5.96,轻度污染,104,78,108,75,7,56,0.8
2024/12/28,宜春市,5.81,轻度污染,105,79,108,100,13,37,1
2024/12/28,广安市,5.8,轻度污染,127,96,108,67,3,32,1
2024/12/28,益阳市,5.73,轻度污染,119,90,112,84,4,30,0.9
2024/12/28,铜陵市,5.67,良,95,71,120,69,6,48,0.8
2024/12/28,宜昌市,5.61,轻度污染,108,81,109,82,8,36,0.8
2024/12/28,芜湖市,5.6,良,86,63,121,64,13,50,0.8
2024/12/28,南昌市,5.57,良,99,74,119,77,12,36,0.7
2024/12/28,常德市,5.53,轻度污染,109,82,125,84,6,24,0.7
2024/12/28,湘潭市,5.43,轻度污染,103,77,118,84,7,30,0.6
2024/12/28,池州市,5.42,良,100,75,114,74,7,37,0.6
2024/12/28,西宁市,5.42,良,80,59,86,56,24,54,1.6
2024/12/28,泸州市,5.41,轻度污染,119,90,111,64,4,24,0.7
2024/12/28,安庆市,5.39,良,92,68,112,72,10,42,0.7
2024/12/28,达州市,5.38,良,87,64,97,57,9,54,1.2
2024/12/28,重庆市,5.37,轻度污染,105,79,98,62,7,39,0.9
2024/12/28,荆州市,5.31,良,99,74,99,83,10,36,0.8
2024/12/28,蚌埠市,5.21,良,84,62,111,60,10,46,0.6
2024/12/28,乌鲁木齐市,5.04,良,84,62,83,50,4,59,0.9
2024/12/28,长沙市,5.01,良,84,62,113,80,6,34,0.7
2024/12/28,株洲市,4.91,良,80,59,100,92,9,35,0.7
2024/12/28,新余市,4.9,良,90,67,87,98,16,30,0.5
2024/12/28,德阳市,4.86,良,92,68,93,52,4,40,0.8
2024/12/28,成都市,4.86,良,88,65,92,41,3,48,0.7
2024/12/28,合肥市,4.85,良,78,54,106,51,6,48,0.7
2024/12/28,九江市,4.79,良,77,56,98,64,10,41,0.8
2024/12/28,淮南市,4.75,良,80,59,107,60,9,33,0.7
2024/12/28,马鞍山市,4.74,良,74,49,97,68,12,43,1
2024/12/28,宣城市,4.69,良,79,58,95,70,8,36,0.8
2024/12/28,宜宾市,4.68,良,95,71,88,63,9,26,0.8
2024/12/28,金华市,4.68,良,69,46,86,76,6,55,0.7
2024/12/28,内江市,4.64,良,99,74,77,60,6,30,0.8
2024/12/28,淮北市,4.64,良,77,54,104,58,7,39,0.6
2024/12/28,绵阳市,4.63,良,83,61,90,45,5,41,0.9
2024/12/28,自贡市,4.59,良,85,63,99,60,6,30,0.6
2024/12/28,南充市,4.58,良,82,60,85,62,4,41,0.7
2024/12/28,遂宁市,4.57,良,79,58,89,54,8,42,0.5
2024/12/28,菏泽市,4.54,良,78,44,105,61,9,42,0.8
2024/12/28,资阳市,4.48,良,89,66,86,56,2,31,0.8
2024/12/28,宿州市,4.43,良,73,51,95,60,8,38,0.6
2024/12/28,枣庄市,4.42,良,75,43,99,64,8,44,0.6
2024/12/28,徐州市,4.35,良,71,41,92,64,10,45,0.7
2024/12/28,包头市,4.34,良,68,32,78,46,23,54,1.2
2024/12/28,佛山市,4.31,良,69,50,76,113,11,29,0.7
2024/12/28,临沂市,4.28,良,69,37,88,60,18,44,0.7
2024/12/28,福州市,4.25,良,82,60,66,121,4,25,0.6
2024/12/28,黄山市,4.21,良,78,57,88,85,9,21,0.5
2024/12/28,贵阳市,4.16,良,78,57,76,57,13,27,0.7
2024/12/28,肇庆市,4.13,良,74,54,71,114,7,24,0.6
2024/12/28,商丘市,4.12,良,68,49,79,61,5,38,0.7
2024/12/28,江门市,4.06,良,62,43,73,113,9,30,0.7
2024/12/28,岳阳市,4.05,良,64,43,77,81,11,34,0.7
2024/12/28,太原市,4.05,良,59,31,68,59,31,44,0.8
2024/12/28,乐山市,4,良,80,59,73,43,5,29,0.8
2024/12/28,济宁市,4,良,67,34,83,60,11,43,0.8
2024/12/28,惠州市,3.99,良,68,49,75,113,11,18,0.7
2024/12/28,宿迁市,3.97,良,69,45,87,67,4,32,0.6
2024/12/28,常州市,3.97,良,61,42,72,63,10,40,0.7
2024/12/28,淮安市,3.97,良,69,39,87,59,9,38,0.6
2024/12/28,广州市,3.92,良,65,46,72,117,9,22,0.6
2024/12/28,聊城市,3.92,良,65,33,79,64,15,40,0.8
2024/12/28,孝感市,3.91,良,64,40,77,80,10,32,0.8
2024/12/28,眉山市,3.89,良,70,51,66,61,4,37,0.5
2024/12/28,深圳市,3.89,良,66,43,69,119,9,24,0.7
2024/12/28,随州市,3.89,良,60,43,59,81,10,37,0.9
2024/12/28,滨州市,3.88,良,65,32,80,56,17,40,0.8
2024/12/28,厦门市,3.87,良,70,45,73,123,4,21,0.7
2024/12/28,珠海市,3.87,良,69,40,70,122,8,29,0.5
2024/12/28,扬州市,3.87,良,65,39,79,61,3,40,0.8
2024/12/28,海口市,3.85,良,77,49,64,132,7,17,0.7
2024/12/28,丽水市,3.85,良,63,45,66,91,6,32,0.6
2024/12/28,湖州市,3.84,良,59,42,66,61,10,40,0.6
2024/12/28,苏州市,3.82,良,61,36,72,58,9,42,0.8
2024/12/28,西安市,3.82,良,68,33,69,39,7,54,0.7
2024/12/28,温州市,3.8,良,59,42,65,86,8,34,0.6
2024/12/28,无锡市,3.79,良,63,34,75,58,9,41,0.9
2024/12/28,六安市,3.78,良,65,40,79,71,4,33,0.7
2024/12/28,上海,3.78,良,58,35,66,56,10,45,0.8
2024/12/28,荆门市,3.75,良,64,42,77,88,12,23,0.5
2024/12/28,南京市,3.75,良,66,39,81,65,7,32,0.6
2024/12/28,东营市,3.75,良,63,28,76,53,15,44,0.7
2024/12/28,潍坊市,3.74,良,66,25,81,56,16,42,0.8
2024/12/28,绍兴市,3.73,良,60,38,70,65,9,36,0.7
2024/12/28,滁州市,3.72,良,64,39,77,76,8,29,0.7
2024/12/28,镇江市,3.72,良,62,35,73,58,7,42,0.6
2024/12/28,宁波市,3.7,良,61,37,71,64,9,36,0.7
2024/12/28,杭州市,3.69,良,59,38,68,68,8,36,0.7
2024/12/28,晋中市,3.68,良,59,27,68,65,20,40,0.8
2024/12/28,银川市,3.67,良,55,35,58,50,14,44,0.8
2024/12/28,中山市,3.66,良,59,42,62,104,6,28,0.5
2024/12/28,连云港市,3.66,良,65,32,79,60,12,37,0.5
2024/12/28,泰安市,3.66,良,64,30,78,60,9,39,0.7
2024/12/28,呼和浩特市,3.65,良,74,27,97,45,11,35,0.6
2024/12/28,阜阳市,3.61,良,64,39,77,65,7,30,0.5
2024/12/28,濮阳市,3.61,良,65,32,80,51,5,39,0.7
2024/12/28,天津,3.59,良,63,29,68,50,5,50,0.6
2024/12/28,日照市,3.57,良,62,27,73,57,12,41,0.7
2024/12/28,嘉兴市,3.56,良,59,36,68,62,10,34,0.6
2024/12/28,咸宁市,3.55,良,61,41,71,75,4,26,0.7
2024/12/28,南阳市,3.55,良,60,35,69,66,6,36,0.6
2024/12/28,淄博市,3.55,良,59,24,68,57,15,43,0.8
2024/12/28,运城市,3.54,良,58,35,65,74,10,31,0.8
2024/12/28,临汾市,3.53,良,61,31,71,55,8,39,0.7
2024/12/28,南宁市,3.51,良,56,38,56,107,9,25,0.7
2024/12/28,宝鸡市,3.5,良,56,38,61,63,11,33,0.6
2024/12/28,盐城市,3.5,良,62,31,73,62,7,35,0.7
2024/12/28,泰州市,3.48,良,56,32,62,64,7,39,0.7
2024/12/28,沈阳市,3.48,良,54,28,56,50,16,43,0.9
2024/12/28,锦州市,3.47,优,50,32,50,65,22,34,0.9
2024/12/28,济南市,3.46,良,62,24,74,61,12,38,0.7
2024/12/28,德州市,3.44,良,62,26,74,60,12,35,0.7
2024/12/28,青岛市,3.39,良,60,23,69,59,13,38,0.8
2024/12/28,渭南市,3.38,良,57,29,59,57,5,45,0.6
2024/12/28,东莞市,3.36,良,60,36,57,111,9,20,0.7
2024/12/28,咸阳市,3.35,良,55,32,60,55,4,42,0.5
2024/12/28,沧州市,3.35,良,57,28,64,52,7,42,0.6
2024/12/28,亳州市,3.33,良,62,35,74,60,4,28,0.5
2024/12/28,吕梁市,3.29,良,67,20,83,49,5,41,0.5
2024/12/28,襄阳市,3.26,良,56,29,62,81,14,26,0.6
2024/12/28,忻州市,3.25,良,55,26,59,59,7,40,0.7
2024/12/28,葫芦岛市,3.24,优,47,26,47,65,22,34,0.8
2024/12/28,大同市,3.23,良,64,20,78,58,16,29,0.8
2024/12/28,三门峡市,3.21,良,54,26,58,57,9,39,0.6
2024/12/28,雅安市,3.18,良,63,45,56,59,5,21,0.5
2024/12/28,南通市,3.17,良,57,30,63,62,7,30,0.6
2024/12/28,哈尔滨市,3.1,良,52,36,50,45,9,31,0.6
2024/12/28,朝阳市,3.09,优,46,32,46,64,13,25,1.1
2024/12/28,衡水市,3.01,良,54,24,58,63,12,31,0.5
2024/12/28,廊坊市,3,良,58,20,49,56,5,46,0.6
2024/12/28,鄂州市,2.97,良,54,22,57,76,9,29,0.7
2024/12/28,邢台市,2.87,良,53,20,56,60,6,33,0.8
2024/12/28,武汉市,2.85,优,44,25,44,68,9,33,0.5
2024/12/28,舟山市,2.84,优,50,28,50,57,9,28,0.5
2024/12/28,鹤壁市,2.83,良,56,27,61,53,5,27,0.4
2024/12/28,铜川市,2.83,优,48,26,48,69,9,28,0.5
2024/12/28,平顶山市,2.81,良,54,30,57,81,11,14,0.4
2024/12/28,黄冈市,2.81,良,52,22,53,75,8,28,0.5
2024/12/28,承德市,2.8,优,49,24,49,47,7,34,0.6
2024/12/28,阳泉市,2.8,良,52,20,54,72,11,26,0.7
2024/12/28,台州市,2.78,良,52,28,54,74,6,22,0.4
2024/12/28,安阳市,2.78,良,54,24,57,56,6,27,0.6
2024/12/28,黄石市,2.78,良,52,24,54,75,12,18,0.8
2024/12/28,周口市,2.72,良,53,24,56,70,7,25,0.2
2024/12/28,朔州市,2.72,良,55,14,60,73,15,24,0.6
2024/12/28,漯河市,2.68,良,52,22,54,76,8,22,0.5
2024/12/28,长春市,2.67,优,40,26,40,48,13,29,0.5
2024/12/28,信阳市,2.66,优,46,24,46,86,4,23,0.5
2024/12/28,开封市,2.66,良,55,20,59,64,4,27,0.4
2024/12/28,许昌市,2.64,良,53,21,55,72,6,23,0.5
2024/12/28,昆明市,2.61,优,43,30,39,43,7,22,1
2024/12/28,唐山市,2.61,优,50,18,50,59,6,32,0.5
2024/12/28,保定市,2.6,良,52,20,54,65,3,30,0.2
2024/12/28,邯郸市,2.58,优,48,17,48,62,8,28,0.7
2024/12/28,新乡市,2.43,优,50,19,50,60,6,23,0.5
2024/12/28,驻马店市,2.38,优,47,21,47,74,6,18,0.4
2024/12/28,焦作市,2.36,优,50,16,50,63,8,21,0.6
2024/12/28,郑州市,2.34,优,50,18,50,68,5,21,0.4
2024/12/28,石家庄市,2.3,优,49,15,49,62,6,23,0.4
2024/12/28,拉萨市,2.27,优,49,14,27,97,6,25,0.6
2024/12/28,洛阳市,2.23,优,44,18,44,75,4,18,0.4
2024/12/28,秦皇岛市,2.23,优,37,17,34,58,4,29,0.4
2024/12/28,长治市,2.19,优,34,13,33,68,11,24,0.6
2024/12/28,北京,2.15,优,43,14,43,57,3,26,0.3
2024/12/28,张家口市,2.03,优,45,14,45,65,5,16,0.4
2024/12/28,晋城市,1.97,优,39,9,31,77,7,21,0.6
2024/12/28,大连市,1.84,优,34,12,25,68,10,16,0.6
2024/12/29,乌鲁木齐市,8.14,中度污染,165,125,160,44,5,64,1.3
2024/12/29,广安市,6.47,中度污染,152,116,132,29,4,32,0.9
2024/12/29,常德市,6.41,轻度污染,128,97,128,89,4,39,0.8
2024/12/29,达州市,6.36,轻度污染,119,90,124,19,12,56,1.2
2024/12/29,运城市,6.33,轻度污染,107,80,114,61,15,51,2
2024/12/29,廊坊市,6.22,良,100,75,121,22,11,71,1
2024/12/29,兰州市,6.19,良,95,64,100,42,25,76,1.4
2024/12/29,株洲市,6.12,良,95,71,115,112,12,52,1
2024/12/29,湘潭市,6.07,良,99,74,110,108,10,53,0.9
2024/12/29,银川市,5.96,良,97,58,144,47,18,56,1
2024/12/29,长沙市,5.92,良,92,68,110,106,8,56,0.9
2024/12/29,南阳市,5.91,轻度污染,105,79,119,80,10,44,0.7
2024/12/29,宜昌市,5.89,轻度污染,113,85,110,94,7,39,0.8
2024/12/29,襄阳市,5.86,轻度污染,104,78,124,86,16,34,0.8
2024/12/29,唐山市,5.8,良,89,60,113,27,14,71,1.2
2024/12/29,东营市,5.8,良,82,54,114,57,28,62,1
2024/12/29,南昌市,5.79,良,88,65,110,81,10,59,0.8
2024/12/29,荆门市,5.77,轻度污染,104,78,114,106,13,34,0.7
2024/12/29,江门市,5.54,良,85,63,91,130,9,51,0.8
2024/12/29,临汾市,5.53,良,89,66,109,41,13,48,1.6
2024/12/29,天津,5.46,良,82,59,108,28,11,65,1
2024/12/29,萍乡市,5.43,良,93,69,101,98,20,31,1.2
2024/12/29,佛山市,5.43,良,82,60,92,121,10,51,0.8
2024/12/29,开封市,5.42,良,92,68,109,62,5,52,0.6
2024/12/29,安庆市,5.42,良,83,61,92,80,10,60,0.8
2024/12/29,西宁市,5.41,良,83,61,82,41,22,61,1.4
2024/12/29,德州市,5.41,良,95,53,140,62,14,43,0.8
2024/12/29,漯河市,5.4,良,94,70,102,98,9,40,0.7
2024/12/29,孝感市,5.39,良,79,58,93,84,11,57,1.1
2024/12/29,重庆市,5.38,轻度污染,109,82,102,39,7,40,0.9
2024/12/29,南宁市,5.38,良,93,69,87,139,12,36,0.8
2024/12/29,临沂市,5.35,良,82,60,100,67,22,49,0.8
2024/12/29,锦州市,5.32,良,77,56,95,30,27,56,1.3
2024/12/29,许昌市,5.26,良,94,70,100,77,8,41,0.8
2024/12/29,荆州市,5.26,良,93,69,85,105,10,42,0.8
2024/12/29,扬州市,5.25,良,78,57,96,68,5,60,1
2024/12/29,南充市,5.23,轻度污染,105,79,106,33,4,40,0.7
2024/12/29,肇庆市,5.21,良,80,59,87,135,10,45,0.6
2024/12/29,平顶山市,5.19,良,87,64,110,86,9,38,0.6
2024/12/29,保定市,5.19,良,80,59,104,23,7,62,0.8
2024/12/29,东莞市,5.19,良,80,56,89,136,10,44,0.8
2024/12/29,菏泽市,5.17,良,87,64,121,88,8,30,0.7
2024/12/29,太原市,5.16,良,75,45,100,54,28,55,1
2024/12/29,金华市,5.13,良,82,51,93,71,5,65,0.8
2024/12/29,益阳市,5.11,良,92,68,84,104,4,40,1
2024/12/29,德阳市,5.09,良,89,66,95,43,4,52,0.8
2024/12/29,广州市,5.09,良,78,57,88,119,8,46,0.7
2024/12/29,西安市,5.08,良,82,60,94,57,9,53,0.8
2024/12/29,沧州市,5.06,良,77,56,103,46,11,52,0.9
2024/12/29,泰州市,5.05,良,77,51,87,74,9,61,0.9
2024/12/29,葫芦岛市,5.05,良,72,44,84,39,38,57,1.2
2024/12/29,衢州市,4.99,良,78,57,83,70,6,58,0.7
2024/12/29,咸阳市,4.95,良,84,62,95,54,7,47,0.7
2024/12/29,聊城市,4.95,良,82,55,114,72,12,36,0.8
2024/12/29,乐山市,4.94,轻度污染,102,76,96,43,5,34,0.8
2024/12/29,南通市,4.91,良,78,50,87,55,8,62,0.9
2024/12/29,衡水市,4.89,良,78,54,106,47,15,44,0.8
2024/12/29,日照市,4.89,良,75,50,100,69,14,46,0.9
2024/12/29,资阳市,4.86,良,97,72,97,29,2,40,0.8
2024/12/29,绵阳市,4.84,良,82,60,94,42,5,50,0.8
2024/12/29,滨州市,4.84,良,74,47,98,56,16,51,0.8
2024/12/29,马鞍山市,4.83,良,72,52,91,78,7,47,1
2024/12/29,合肥市,4.83,良,70,51,90,73,7,53,0.7
2024/12/29,眉山市,4.82,良,95,71,91,41,5,40,0.6
2024/12/29,朝阳市,4.81,良,77,56,94,36,15,40,1.6
2024/12/29,新余市,4.8,良,82,60,81,102,13,37,0.6
2024/12/29,中山市,4.79,良,74,54,78,126,7,43,0.6
2024/12/29,随州市,4.76,良,78,57,73,90,12,42,1.1
2024/12/29,常州市,4.76,良,69,50,85,70,12,51,0.8
2024/12/29,上海,4.76,良,74,46,83,66,10,59,0.8
2024/12/29,沈阳市,4.75,良,72,50,93,51,16,43,1.3
2024/12/29,苏州市,4.75,良,72,49,85,59,9,57,0.8
2024/12/29,鄂州市,4.72,良,70,51,80,78,14,45,1.1
2024/12/29,晋中市,4.72,良,77,40,103,60,24,43,1
2024/12/29,宜春市,4.71,良,74,54,86,95,18,32,1
2024/12/29,枣庄市,4.68,良,72,52,93,74,8,45,0.6
2024/12/29,三门峡市,4.67,良,73,53,82,52,10,52,0.8
2024/12/29,镇江市,4.66,良,71,50,91,75,8,46,0.7
2024/12/29,湖州市,4.66,良,70,50,82,58,9,56,0.6
2024/12/29,铜陵市,4.66,良,68,47,84,62,8,54,1
2024/12/29,秦皇岛市,4.66,良,80,41,87,27,12,64,1.1
2024/12/29,芜湖市,4.64,良,69,50,85,72,10,48,0.7
2024/12/29,徐州市,4.63,良,68,48,86,76,10,48,0.7
2024/12/29,杭州市,4.62,良,70,48,81,58,8,56,0.8
2024/12/29,惠州市,4.61,良,76,52,84,131,11,29,0.8
2024/12/29,珠海市,4.59,良,74,52,84,128,8,33,0.6
2024/12/29,周口市,4.58,良,80,59,84,82,8,38,0.4
2024/12/29,深圳市,4.58,良,80,49,81,135,8,34,0.8
2024/12/29,泸州市,4.57,良,100,75,96,41,3,24,0.6
2024/12/29,遂宁市,4.54,良,83,61,92,32,7,42,0.5
2024/12/29,宜宾市,4.53,良,90,67,90,61,9,25,0.7
2024/12/29,内江市,4.5,良,98,73,76,52,6,28,0.8
2024/12/29,盐城市,4.5,良,67,46,84,71,9,48,0.8
2024/12/29,渭南市,4.49,良,68,49,83,68,6,48,0.7
2024/12/29,嘉兴市,4.49,良,65,46,80,74,9,51,0.6
2024/12/29,邢台市,4.46,良,71,41,91,35,12,49,1.4
2024/12/29,武汉市,4.44,良,74,45,60,71,10,59,0.8
2024/12/29,泰安市,4.42,良,70,48,89,76,9,38,0.8
2024/12/29,淮安市,4.39,良,67,48,82,75,11,41,0.7
2024/12/29,岳阳市,4.39,良,64,46,69,95,10,46,0.7
2024/12/29,宝鸡市,4.37,良,77,56,79,30,10,43,0.8
2024/12/29,驻马店市,4.37,良,72,52,86,95,7,33,0.5
2024/12/29,自贡市,4.33,良,79,58,92,53,6,31,0.6
2024/12/29,安阳市,4.32,良,69,49,88,38,9,42,0.9
2024/12/29,济宁市,4.32,良,69,47,87,79,9,36,0.8
2024/12/29,潍坊市,4.32,良,68,43,86,61,14,42,0.8
2024/12/29,忻州市,4.28,良,68,46,85,33,9,48,0.8
2024/12/29,九江市,4.28,良,62,44,72,71,10,47,0.8
2024/12/29,青岛市,4.26,良,67,39,83,69,14,42,1
2024/12/29,成都市,4.24,良,69,50,79,60,3,44,0.6
2024/12/29,黄冈市,4.23,良,67,48,73,83,10,38,0.7
2024/12/29,滁州市,4.19,良,63,45,75,80,8,40,0.8
2024/12/29,宿迁市,4.18,良,72,52,83,76,4,32,0.6
2024/12/29,淮北市,4.17,良,69,50,85,79,7,32,0.5
2024/12/29,绍兴市,4.17,良,62,43,74,72,8,45,0.7
2024/12/29,池州市,4.15,良,65,47,74,77,7,38,0.8
2024/12/29,南京市,4.14,良,63,42,76,67,8,45,0.7
2024/12/29,济南市,4.14,良,69,38,87,82,24,29,0.7
2024/12/29,无锡市,4.14,良,63,38,72,68,9,50,0.8
2024/12/29,淄博市,4.14,良,70,37,90,71,15,35,0.9
2024/12/29,邯郸市,4.12,良,67,40,83,42,12,43,1
2024/12/29,商丘市,4.1,良,78,57,77,86,4,23,0.7
2024/12/29,蚌埠市,4.08,良,64,46,78,76,9,35,0.6
2024/12/29,连云港市,4.06,良,67,45,83,77,9,32,0.6
2024/12/29,宿州市,4.01,良,65,47,78,80,8,31,0.6
2024/12/29,黄石市,4.01,良,62,44,65,82,16,33,0.9
2024/12/29,淮南市,3.99,良,63,44,75,76,8,36,0.6
2024/12/29,承德市,3.99,良,63,39,76,25,10,47,1.1
2024/12/29,铜川市,3.97,良,62,44,68,55,12,41,0.7
2024/12/29,温州市,3.96,良,58,40,66,72,8,46,0.6
2024/12/29,哈尔滨市,3.95,良,69,50,65,39,12,38,0.8
2024/12/29,雅安市,3.92,良,82,60,75,47,5,25,0.6
2024/12/29,濮阳市,3.91,良,69,40,88,58,4,36,0.7
2024/12/29,吕梁市,3.87,良,73,28,95,35,8,47,0.7
2024/12/29,贵阳市,3.82,良,60,43,65,76,15,30,0.7
2024/12/29,宁波市,3.81,良,58,37,65,63,9,44,0.7
2024/12/29,石家庄市,3.76,良,63,32,75,45,10,46,0.7
2024/12/29,鹤壁市,3.75,良,66,41,82,47,7,34,0.6
2024/12/29,北京,3.75,良,68,33,76,24,4,54,0.6
2024/12/29,新乡市,3.74,良,60,40,69,54,9,37,0.8
2024/12/29,海口市,3.73,良,95,40,65,154,6,18,0.6
2024/12/29,信阳市,3.72,良,65,47,66,102,6,23,0.5
2024/12/29,台州市,3.72,良,60,39,70,74,5,38,0.5
2024/12/29,宣城市,3.68,良,57,40,62,78,8,35,0.6
2024/12/29,六安市,3.65,良,57,39,63,79,4,36,0.7
2024/12/29,阜阳市,3.64,良,60,43,70,86,7,26,0.4
2024/12/29,亳州市,3.62,良,64,43,77,84,4,23,0.5
2024/12/29,阳泉市,3.61,良,62,28,74,73,16,32,0.9
2024/12/29,郑州市,3.59,良,59,37,67,56,7,39,0.5
2024/12/29,晋城市,3.57,良,54,29,58,77,14,34,1.4
2024/12/29,洛阳市,3.56,良,59,40,68,72,6,31,0.5
2024/12/29,焦作市,3.47,良,59,32,68,52,12,33,1
2024/12/29,咸宁市,3.39,良,54,36,57,93,4,28,0.8
2024/12/29,长治市,3.36,良,52,30,54,68,17,31,1
2024/12/29,丽水市,3.32,良,51,34,52,82,5,36,0.5
2024/12/29,黄山市,3.08,良,53,37,55,81,7,20,0.4
2024/12/29,长春市,3.05,优,49,32,49,51,13,30,0.6
2024/12/29,大连市,2.82,优,45,25,45,63,12,27,0.8
2024/12/29,舟山市,2.65,优,42,23,42,63,8,30,0.5
2024/12/29,厦门市,2.57,优,48,24,48,96,3,17,0.5
2024/12/29,福州市,2.56,优,44,24,41,87,4,22,0.5
2024/12/29,包头市,2.29,中度污染,161,--,--,62,18,52,1.2
2024/12/29,昆明市,2.24,优,38,22,31,75,8,17,0.6
2024/12/29,拉萨市,2.02,优,50,12,20,100,6,21,0.6
2024/12/29,朔州市,2,良,80,19,--,78,13,24,0.6
2024/12/29,呼和浩特市,1.93,轻度污染,138,--,--,44,14,48,0.9
2024/12/29,大同市,1.66,轻度污染,104,--,--,66,16,32,0.7
2024/12/29,张家口市,1.13,良,82,--,--,69,5,20,0.5
2024/12/30,呼和浩特市,9.3,重度污染,252,73,386,6,8,53,0.9
2024/12/30,乌鲁木齐市,8.58,中度污染,180,136,177,32,6,62,1.4
2024/12/30,常德市,8.5,中度污染,196,147,184,22,6,47,1.1
2024/12/30,佛山市,8.32,轻度污染,120,91,152,6,12,120,1.3
2024/12/30,唐山市,7.87,轻度污染,129,98,155,8,15,89,1.4
2024/12/30,达州市,7.82,中度污染,173,131,168,5,8,46,1.5
2024/12/30,大同市,7.76,重度污染,209,56,356,54,15,16,0.6
2024/12/30,湘潭市,7.5,轻度污染,137,104,137,5,9,85,1.1
2024/12/30,包头市,7.46,中度污染,162,58,273,30,15,49,1.1
2024/12/30,运城市,7.4,轻度污染,143,109,141,7,11,67,1.5
2024/12/30,宜昌市,7.32,中度污染,162,123,149,35,7,44,1.1
2024/12/30,天津,7.21,轻度污染,118,89,155,7,9,78,1.3
2024/12/30,广安市,7.17,中度污染,182,137,147,15,5,32,0.8
2024/12/30,南阳市,7.15,轻度污染,142,108,143,12,7,65,0.9
2024/12/30,襄阳市,7.1,轻度污染,135,103,145,23,19,56,1
2024/12/30,临汾市,7.06,轻度污染,128,97,154,3,9,56,2.1
2024/12/30,东营市,7.02,轻度污染,105,76,127,7,30,90,1
2024/12/30,孝感市,6.95,轻度污染,114,86,123,5,10,85,1.7
2024/12/30,长沙市,6.87,轻度污染,110,83,139,21,8,80,1.1
2024/12/30,南昌市,6.73,轻度污染,105,79,128,4,9,90,0.9
2024/12/30,临沂市,6.57,轻度污染,107,80,124,12,23,73,1
2024/12/30,江门市,6.52,轻度污染,115,87,121,30,6,72,1
2024/12/30,东莞市,6.41,轻度污染,102,76,128,22,9,76,1
2024/12/30,秦皇岛市,6.37,轻度污染,102,68,120,3,15,84,1.4
2024/12/30,益阳市,6.36,轻度污染,139,106,116,35,4,44,1.3
2024/12/30,荆州市,6.34,轻度污染,118,89,100,32,10,73,0.9
2024/12/30,株洲市,6.25,轻度污染,110,83,126,23,11,60,1.1
2024/12/30,保定市,6.15,轻度污染,107,80,121,6,6,70,1
2024/12/30,广州市,6.15,轻度污染,103,70,112,17,6,86,0.9
2024/12/30,沧州市,6.02,良,100,75,130,7,12,63,0.8
2024/12/30,漯河市,6,轻度污染,132,100,125,66,10,28,0.6
2024/12/30,廊坊市,6,良,100,66,118,8,8,80,1
2024/12/30,银川市,5.93,良,99,56,148,15,17,63,1.1
2024/12/30,安庆市,5.91,良,100,75,105,4,9,76,0.8
2024/12/30,盐城市,5.91,良,94,70,107,15,14,73,1
2024/12/30,德州市,5.9,轻度污染,109,82,135,38,12,41,0.9
2024/12/30,南宁市,5.87,轻度污染,105,79,102,76,13,52,1
2024/12/30,荆门市,5.85,轻度污染,120,91,118,80,14,30,0.7
2024/12/30,衡水市,5.83,良,90,67,126,6,19,61,1
2024/12/30,武汉市,5.82,轻度污染,103,68,87,9,12,86,1
2024/12/30,周口市,5.81,轻度污染,124,94,120,69,9,32,0.5
2024/12/30,三门峡市,5.76,轻度污染,102,76,109,1,11,62,1.2
2024/12/30,滨州市,5.76,良,92,68,109,16,17,68,0.8
2024/12/30,鄂州市,5.7,良,99,74,107,28,13,58,1
2024/12/30,金华市,5.69,良,100,63,111,3,5,80,0.8
2024/12/30,邢台市,5.68,良,95,71,123,3,10,55,1.3
2024/12/30,铜陵市,5.67,良,97,62,97,6,11,77,1.5
2024/12/30,菏泽市,5.66,轻度污染,109,82,131,49,8,35,0.8
2024/12/30,德阳市,5.64,轻度污染,112,84,110,11,4,53,0.9
2024/12/30,肇庆市,5.64,轻度污染,102,63,98,18,6,84,0.6
2024/12/30,湖州市,5.57,良,90,67,103,19,8,71,0.7
2024/12/30,重庆市,5.56,轻度污染,124,94,114,19,7,32,0.9
2024/12/30,泰州市,5.55,轻度污染,102,61,91,13,9,83,0.9
2024/12/30,日照市,5.4,良,84,62,100,24,23,58,1
2024/12/30,聊城市,5.36,轻度污染,103,77,112,45,12,37,0.9
2024/12/30,随州市,5.36,良,93,69,85,11,10,66,1.2
2024/12/30,晋中市,5.29,良,90,46,130,14,22,55,1.2
2024/12/30,驻马店市,5.26,轻度污染,108,81,122,83,9,21,0.5
2024/12/30,锦州市,5.26,良,84,62,87,12,20,59,1.5
2024/12/30,扬州市,5.25,良,92,68,96,24,3,61,1
2024/12/30,徐州市,5.25,良,87,64,96,17,10,65,0.7
2024/12/30,宿州市,5.22,良,98,73,107,43,9,42,0.7
2024/12/30,平顶山市,5.2,良,100,75,120,45,8,34,0.6
2024/12/30,新余市,5.17,轻度污染,102,76,99,48,15,40,0.4
2024/12/30,岳阳市,5.12,良,84,62,88,22,11,63,0.9
2024/12/30,杭州市,5.1,良,87,59,94,6,7,69,0.8
2024/12/30,安阳市,5.09,良,92,68,95,7,9,54,1
2024/12/30,淮南市,5.06,良,87,64,103,38,10,48,0.8
2024/12/30,南充市,5.05,轻度污染,110,83,106,12,5,35,0.6
2024/12/30,张家口市,5.05,轻度污染,128,44,206,51,4,16,0.5
2024/12/30,葫芦岛市,5.03,良,82,44,94,12,24,65,1.4
2024/12/30,衢州市,5.02,良,87,63,84,5,6,69,0.7
2024/12/30,兰州市,5.02,良,89,51,80,7,18,71,1.2
2024/12/30,常州市,5.01,良,85,63,100,31,11,49,0.9
2024/12/30,朔州市,5.01,轻度污染,131,37,212,61,7,14,0.6
2024/12/30,萍乡市,5,良,93,69,94,57,23,31,1
2024/12/30,芜湖市,4.99,良,79,57,90,14,13,63,0.8
2024/12/30,镇江市,4.93,良,84,62,102,25,7,51,0.7
2024/12/30,枣庄市,4.92,良,82,60,101,33,8,52,0.7
2024/12/30,蚌埠市,4.89,良,87,64,96,38,13,43,0.8
2024/12/30,淮安市,4.89,良,78,57,87,23,19,52,1.1
2024/12/30,黄石市,4.86,良,89,66,84,30,17,45,0.9
2024/12/30,太原市,4.86,良,88,44,125,30,20,46,0.7
2024/12/30,宿迁市,4.83,良,90,67,100,33,5,42,0.8
2024/12/30,商丘市,4.8,轻度污染,105,79,94,56,4,26,0.8
2024/12/30,宜春市,4.79,良,82,60,95,43,16,39,1
2024/12/30,淮北市,4.78,良,92,68,96,35,7,41,0.6
2024/12/30,连云港市,4.77,良,85,63,95,41,9,43,0.7
2024/12/30,绵阳市,4.75,良,95,71,100,5,4,39,0.9
2024/12/30,吕梁市,4.75,良,95,42,140,3,6,50,0.7
2024/12/30,北京,4.71,良,98,45,145,26,3,41,0.6
2024/12/30,资阳市,4.7,轻度污染,102,76,102,32,2,27,0.8
2024/12/30,濮阳市,4.7,良,92,68,97,21,4,40,0.8
2024/12/30,遂宁市,4.65,良,98,73,97,21,9,32,0.5
2024/12/30,马鞍山市,4.65,良,75,55,88,16,7,56,0.9
2024/12/30,承德市,4.56,良,73,53,93,5,6,50,1.4
2024/12/30,开封市,4.55,良,77,56,94,27,6,49,0.6
2024/12/30,黄冈市,4.52,良,87,64,86,49,10,34,0.8
2024/12/30,济南市,4.51,良,73,53,89,59,17,38,0.8
2024/12/30,咸阳市,4.49,良,88,65,87,22,7,39,0.7
2024/12/30,西安市,4.49,良,77,56,84,17,9,51,0.7
2024/12/30,邯郸市,4.48,良,72,48,93,17,12,49,1.1
2024/12/30,九江市,4.47,良,80,59,78,47,11,42,0.8
2024/12/30,西宁市,4.46,良,72,52,69,17,19,52,1.1
2024/12/30,合肥市,4.39,良,72,51,76,23,6,57,0.8
2024/12/30,惠州市,4.38,良,73,53,88,44,10,41,0.8
2024/12/30,亳州市,4.34,良,84,62,97,59,8,24,0.6
2024/12/30,绍兴市,4.32,良,73,53,80,22,8,50,0.7
2024/12/30,中山市,4.31,良,79,58,77,40,4,44,0.7
2024/12/30,信阳市,4.29,良,82,60,79,50,6,37,0.7
2024/12/30,珠海市,4.28,良,70,51,88,56,6,40,0.7
2024/12/30,苏州市,4.28,良,69,50,79,28,9,50,0.7
2024/12/30,济宁市,4.26,良,75,55,88,51,9,33,0.8
2024/12/30,阜阳市,4.24,良,85,63,85,59,8,26,0.6
2024/12/30,淄博市,4.24,良,70,51,83,67,15,30,1
2024/12/30,无锡市,4.24,良,74,44,74,22,8,59,0.8
2024/12/30,阳泉市,4.24,良,82,37,113,43,17,34,0.9
2024/12/30,滁州市,4.21,良,65,47,72,25,10,52,1
2024/12/30,成都市,4.12,良,85,63,87,30,2,30,0.6
2024/12/30,池州市,4.1,良,75,55,80,39,7,34,0.9
2024/12/30,泸州市,4.05,良,93,69,86,40,3,18,0.6
2024/12/30,泰安市,4.05,良,73,53,80,56,7,33,0.7
2024/12/30,眉山市,4.03,良,87,64,79,33,5,27,0.6
2024/12/30,嘉兴市,4.03,良,65,47,79,35,8,44,0.6
2024/12/30,鹤壁市,4,良,74,54,86,17,4,36,0.7
2024/12/30,南通市,3.96,良,73,41,65,26,6,58,0.7
2024/12/30,自贡市,3.94,良,80,59,90,37,5,24,0.4
2024/12/30,长治市,3.94,良,67,48,70,36,16,32,1.3
2024/12/30,乐山市,3.93,良,85,63,80,24,4,25,0.7
2024/12/30,忻州市,3.92,良,82,36,113,30,5,36,0.6
2024/12/30,南京市,3.9,良,63,45,71,20,8,49,0.6
2024/12/30,朝阳市,3.89,良,64,37,77,22,16,40,1.4
2024/12/30,沈阳市,3.79,良,61,40,72,32,17,36,1.1
2024/12/30,石家庄市,3.79,良,78,35,106,32,7,35,0.5
2024/12/30,深圳市,3.78,良,59,38,68,58,6,46,0.7
2024/12/30,许昌市,3.77,良,68,49,79,43,7,29,0.7
2024/12/30,青岛市,3.74,良,61,41,72,56,13,33,0.9
2024/12/30,六安市,3.73,良,74,54,68,50,4,29,0.7
2024/12/30,哈尔滨市,3.73,良,62,44,63,20,10,43,0.9
2024/12/30,大连市,3.7,良,62,44,73,43,12,31,0.8
2024/12/30,内江市,3.67,良,95,71,44,35,6,22,0.7
2024/12/30,洛阳市,3.65,良,67,48,78,45,6,28,0.6
2024/12/30,宜宾市,3.62,良,74,54,68,50,8,22,0.7
2024/12/30,渭南市,3.62,良,63,37,67,25,5,50,0.6
2024/12/30,潍坊市,3.6,良,62,44,71,58,11,27,0.7
2024/12/30,新乡市,3.6,良,63,43,75,33,7,32,0.9
2024/12/30,温州市,3.54,良,58,37,64,34,8,46,0.5
2024/12/30,咸宁市,3.51,良,69,50,65,36,4,28,0.8
2024/12/30,宝鸡市,3.5,良,63,45,59,24,16,32,0.7
2024/12/30,台州市,3.46,良,60,43,69,36,5,35,0.4
2024/12/30,宣城市,3.31,良,57,40,57,33,8,37,0.6
2024/12/30,郑州市,3.27,良,61,41,72,56,7,22,0.5
2024/12/30,丽水市,3.2,良,58,35,54,19,5,46,0.4
2024/12/30,上海,3.09,良,52,30,50,44,8,41,0.6
2024/12/30,宁波市,3.08,良,52,33,54,43,7,35,0.6
2024/12/30,焦作市,3.04,良,66,28,82,64,10,15,0.8
2024/12/30,铜川市,3.02,良,53,32,56,31,9,35,0.5
2024/12/30,贵阳市,2.96,良,59,42,47,54,7,20,0.8
2024/12/30,晋城市,2.88,良,58,27,65,66,10,19,0.8
2024/12/30,厦门市,2.79,良,52,27,54,31,3,37,0.5
2024/12/30,长春市,2.75,优,48,30,48,41,15,24,0.6
2024/12/30,海口市,2.5,良,51,25,51,95,5,15,0.5
2024/12/30,黄山市,2.33,优,46,32,42,19,7,20,0.4
2024/12/30,舟山市,2.15,优,33,22,33,35,7,26,0.4
2024/12/30,雅安市,2.1,优,43,30,36,45,4,13,0.5
2024/12/30,昆明市,2.01,优,32,18,29,34,9,25,0.6
2024/12/30,福州市,1.94,优,37,14,37,64,3,21,0.5
2024/12/30,拉萨市,1.49,优,23,8,16,73,6,18,0.5
